Label,Concentration-(ng/uL),Sample_type,Type,Sequencing_Run,Mouse,Cage-Mouse,Genotype,Sex,Diet,Intranasal_Treatment,Surgery,Intranasal_Dose,Cohort,Cage,Week,Lung_index,Kit,DNA_ng_ul_raw,Sample_Label,Cage_Notation,Feces_weight,Orig_label,Notes,Glucose_tolerance_wk0_0m,Glucose_tolerance_wk0_10m,Glucose_tolerance_wk0_30m,Glucose_tolerance_wk0_90m,Weight_g_wk0,Glucose_tolerance_wk10_0m,Glucose_tolerance_wk10_10m,Glucose_tolerance_wk10_30m,Glucose_tolerance_wk10_90m,Weight_g_wk10,Glucose_tolerance_wk12_0m,Glucose_tolerance_wk12_10m,Glucose_tolerance_wk12_30m,Glucose_tolerance_wk12_90m,Weight_g_wk13,Group
30,16.9,Fecal,True Sample,2,NA,NA,NA,NA,NA,NA,NA,NA,NA,NA,NA,NA,NA,NA,NA,NA,NA,NA,NA,NA,NA,NA,NA,NA,NA,NA,NA,NA,NA,NA,NA,NA,NA,NA,NA
DW3-1,0.01,Fecal,Neg Control,2,NA,NA,NA,NA,NA,NA,NA,NA,NA,NA,NA,NA,NA,NA,NA,NA,NA,NA,NA,NA,NA,NA,NA,NA,NA,NA,NA,NA,NA,NA,NA,NA,NA,NA,NA
DW3-2,0.01,Fecal,Neg Control,2,NA,NA,NA,NA,NA,NA,NA,NA,NA,NA,NA,NA,NA,NA,NA,NA,NA,NA,NA,NA,NA,NA,NA,NA,NA,NA,NA,NA,NA,NA,NA,NA,NA,NA,NA
DW3-3,0.01,Fecal,Neg Control,2,NA,NA,NA,NA,NA,NA,NA,NA,NA,NA,NA,NA,NA,NA,NA,NA,NA,NA,NA,NA,NA,NA,NA,NA,NA,NA,NA,NA,NA,NA,NA,NA,NA,NA,NA
DW4-1,0.01,Fecal,Neg Control,2,NA,NA,NA,NA,NA,NA,NA,NA,NA,NA,NA,NA,NA,NA,NA,NA,NA,NA,NA,NA,NA,NA,NA,NA,NA,NA,NA,NA,NA,NA,NA,NA,NA,NA,NA
DW4-2,0.01,Fecal,Neg Control,2,NA,NA,NA,NA,NA,NA,NA,NA,NA,NA,NA,NA,NA,NA,NA,NA,NA,NA,NA,NA,NA,NA,NA,NA,NA,NA,NA,NA,NA,NA,NA,NA,NA,NA,NA
DW4-3,0.01,Fecal,Neg Control,2,NA,NA,NA,NA,NA,NA,NA,NA,NA,NA,NA,NA,NA,NA,NA,NA,NA,NA,NA,NA,NA,NA,NA,NA,NA,NA,NA,NA,NA,NA,NA,NA,NA,NA,NA
DW5-1,0.01,Fecal,Neg Control,2,NA,NA,NA,NA,NA,NA,NA,NA,NA,NA,NA,NA,NA,NA,NA,NA,NA,NA,NA,NA,NA,NA,NA,NA,NA,NA,NA,NA,NA,NA,NA,NA,NA,NA,NA
DW5-2,0.01,Fecal,Neg Control,2,NA,NA,NA,NA,NA,NA,NA,NA,NA,NA,NA,NA,NA,NA,NA,NA,NA,NA,NA,NA,NA,NA,NA,NA,NA,NA,NA,NA,NA,NA,NA,NA,NA,NA,NA
DW5-3,0.01,Fecal,Neg Control,2,NA,NA,NA,NA,NA,NA,NA,NA,NA,NA,NA,NA,NA,NA,NA,NA,NA,NA,NA,NA,NA,NA,NA,NA,NA,NA,NA,NA,NA,NA,NA,NA,NA,NA,NA
PCR-Bl1,0.01,Fecal,Neg Control,2,NA,NA,NA,NA,NA,NA,NA,NA,NA,NA,NA,NA,NA,NA,NA,NA,NA,NA,NA,NA,NA,NA,NA,NA,NA,NA,NA,NA,NA,NA,NA,NA,NA,NA,NA
PCR-Bl2,0.01,Fecal,Neg Control,2,NA,NA,NA,NA,NA,NA,NA,NA,NA,NA,NA,NA,NA,NA,NA,NA,NA,NA,NA,NA,NA,NA,NA,NA,NA,NA,NA,NA,NA,NA,NA,NA,NA,NA,NA
PCR-Bl3,0.01,Fecal,Neg Control,2,NA,NA,NA,NA,NA,NA,NA,NA,NA,NA,NA,NA,NA,NA,NA,NA,NA,NA,NA,NA,NA,NA,NA,NA,NA,NA,NA,NA,NA,NA,NA,NA,NA,NA,NA
PCR-2-Bl1,0.01,Fecal,Neg Control,2,NA,NA,NA,NA,NA,NA,NA,NA,NA,NA,NA,NA,NA,NA,NA,NA,NA,NA,NA,NA,NA,NA,NA,NA,NA,NA,NA,NA,NA,NA,NA,NA,NA,NA,NA
PCR-2-Bl2,0.01,Fecal,Neg Control,2,NA,NA,NA,NA,NA,NA,NA,NA,NA,NA,NA,NA,NA,NA,NA,NA,NA,NA,NA,NA,NA,NA,NA,NA,NA,NA,NA,NA,NA,NA,NA,NA,NA,NA,NA
PCR-2-Bl3,0.01,Fecal,Neg Control,2,NA,NA,NA,NA,NA,NA,NA,NA,NA,NA,NA,NA,NA,NA,NA,NA,NA,NA,NA,NA,NA,NA,NA,NA,NA,NA,NA,NA,NA,NA,NA,NA,NA,NA,NA
PCR1-Bl1,0.01,Fecal,Neg Control,2,NA,NA,NA,NA,NA,NA,NA,NA,NA,NA,NA,NA,NA,NA,NA,NA,NA,NA,NA,NA,NA,NA,NA,NA,NA,NA,NA,NA,NA,NA,NA,NA,NA,NA,NA
PCR3-Bl1,0.01,Fecal,Neg Control,2,NA,NA,NA,NA,NA,NA,NA,NA,NA,NA,NA,NA,NA,NA,NA,NA,NA,NA,NA,NA,NA,NA,NA,NA,NA,NA,NA,NA,NA,NA,NA,NA,NA,NA,NA
PCR3-Bl2,0.01,Fecal,Neg Control,2,NA,NA,NA,NA,NA,NA,NA,NA,NA,NA,NA,NA,NA,NA,NA,NA,NA,NA,NA,NA,NA,NA,NA,NA,NA,NA,NA,NA,NA,NA,NA,NA,NA,NA,NA
PCR3-Bl3,0.01,Fecal,Neg Control,2,NA,NA,NA,NA,NA,NA,NA,NA,NA,NA,NA,NA,NA,NA,NA,NA,NA,NA,NA,NA,NA,NA,NA,NA,NA,NA,NA,NA,NA,NA,NA,NA,NA,NA,NA
DW6-1,0.01,Fecal,Neg Control,2,NA,NA,NA,NA,NA,NA,NA,NA,NA,NA,NA,NA,NA,NA,NA,NA,NA,NA,NA,NA,NA,NA,NA,NA,NA,NA,NA,NA,NA,NA,NA,NA,NA,NA,NA
DW6-2,0.01,Fecal,Neg Control,2,NA,NA,NA,NA,NA,NA,NA,NA,NA,NA,NA,NA,NA,NA,NA,NA,NA,NA,NA,NA,NA,NA,NA,NA,NA,NA,NA,NA,NA,NA,NA,NA,NA,NA,NA
DW6-3,0.01,Fecal,Neg Control,2,NA,NA,NA,NA,NA,NA,NA,NA,NA,NA,NA,NA,NA,NA,NA,NA,NA,NA,NA,NA,NA,NA,NA,NA,NA,NA,NA,NA,NA,NA,NA,NA,NA,NA,NA
DW7-1,0.01,Fecal,Neg Control,2,NA,NA,NA,NA,NA,NA,NA,NA,NA,NA,NA,NA,NA,NA,NA,NA,NA,NA,NA,NA,NA,NA,NA,NA,NA,NA,NA,NA,NA,NA,NA,NA,NA,NA,NA
DW7-2,0.01,Fecal,Neg Control,2,NA,NA,NA,NA,NA,NA,NA,NA,NA,NA,NA,NA,NA,NA,NA,NA,NA,NA,NA,NA,NA,NA,NA,NA,NA,NA,NA,NA,NA,NA,NA,NA,NA,NA,NA
DW7-3,0.01,Fecal,Neg Control,2,NA,NA,NA,NA,NA,NA,NA,NA,NA,NA,NA,NA,NA,NA,NA,NA,NA,NA,NA,NA,NA,NA,NA,NA,NA,NA,NA,NA,NA,NA,NA,NA,NA,NA,NA
PCR3-R-Bl1,0.01,Fecal,Neg Control,2,NA,NA,NA,NA,NA,NA,NA,NA,NA,NA,NA,NA,NA,NA,NA,NA,NA,NA,NA,NA,NA,NA,NA,NA,NA,NA,NA,NA,NA,NA,NA,NA,NA,NA,NA
PCR3-R-Bl2,0.01,Fecal,Neg Control,2,NA,NA,NA,NA,NA,NA,NA,NA,NA,NA,NA,NA,NA,NA,NA,NA,NA,NA,NA,NA,NA,NA,NA,NA,NA,NA,NA,NA,NA,NA,NA,NA,NA,NA,NA
PCR3-R-Bl3,0.01,Fecal,Neg Control,2,NA,NA,NA,NA,NA,NA,NA,NA,NA,NA,NA,NA,NA,NA,NA,NA,NA,NA,NA,NA,NA,NA,NA,NA,NA,NA,NA,NA,NA,NA,NA,NA,NA,NA,NA
F-Redo-PCR-Bl1,0.164,Fecal,Neg Control,2,NA,NA,NA,NA,NA,NA,NA,NA,NA,NA,NA,NA,NA,NA,NA,NA,NA,NA,NA,NA,NA,NA,NA,NA,NA,NA,NA,NA,NA,NA,NA,NA,NA,NA,NA
F-Redo-PCR-Bl3,0.482,Fecal,Neg Control,2,NA,NA,NA,NA,NA,NA,NA,NA,NA,NA,NA,NA,NA,NA,NA,NA,NA,NA,NA,NA,NA,NA,NA,NA,NA,NA,NA,NA,NA,NA,NA,NA,NA,NA,NA
20,NA,Fecal,Neg Control,2,Blank_1,NA,NA,NA,NA,NA,NA,NA,NA,NA,NA,NA,PS_1,0.01,Kit_blank_1,NA,NA,NA,NA,NA,NA,NA,NA,NA,NA,NA,NA,NA,NA,NA,NA,NA,NA,NA,Control
36,NA,Fecal,Neg Control,2,Blank_1,NA,NA,NA,NA,NA,NA,NA,NA,NA,NA,NA,PS_1,0.01,Kit_blank_2,NA,NA,NA,NA,NA,NA,NA,NA,NA,NA,NA,NA,NA,NA,NA,NA,NA,NA,NA,Control
49,NA,Fecal,Neg Control,2,Blank_1,NA,NA,NA,NA,NA,NA,NA,NA,NA,NA,NA,PS_1,0.01,Kit_blank_3,NA,NA,NA,NA,NA,NA,NA,NA,NA,NA,NA,NA,NA,NA,NA,NA,NA,NA,NA,Control
62,NA,Fecal,Neg Control,2,Blank_2,NA,NA,NA,NA,NA,NA,NA,NA,NA,NA,NA,PS_2,0.01,Kit_blank_4,NA,NA,NA,NA,NA,NA,NA,NA,NA,NA,NA,NA,NA,NA,NA,NA,NA,NA,NA,Control
74,NA,Fecal,Neg Control,2,Blank_2,NA,NA,NA,NA,NA,NA,NA,NA,NA,NA,NA,PS_2,0.01,Kit_blank_5,NA,NA,NA,NA,NA,NA,NA,NA,NA,NA,NA,NA,NA,NA,NA,NA,NA,NA,NA,Control
220,NA,Fecal,Neg Control,2,Blank_2,NA,NA,NA,NA,NA,NA,NA,NA,NA,NA,NA,PS_2,0.01,Kit_blank_6,NA,NA,Kit_blank_6,NA,NA,NA,NA,NA,NA,NA,NA,NA,NA,NA,NA,NA,NA,NA,NA,Control
Elution-blank-2,NA,Lung Tissue,Neg Control,2,Elution_blank,NA,NA,NA,NA,NA,NA,NA,NA,NA,NA,49,BT_1,0.01,NA,NA,NA,NA,NA,NA,NA,NA,NA,NA,NA,NA,NA,NA,NA,NA,NA,NA,NA,NA,Control
Elution-blank-3,NA,Lung Tissue,Neg Control,2,Elution_blank,NA,NA,NA,NA,NA,NA,NA,NA,NA,NA,50,BT_1,0.01,NA,NA,NA,NA,NA,NA,NA,NA,NA,NA,NA,NA,NA,NA,NA,NA,NA,NA,NA,NA,Control
Elution-blank-5,NA,Lung Tissue,Neg Control,1,Elution_blank,NA,NA,NA,NA,NA,NA,NA,NA,NA,NA,59,BT_2,0.01,NA,NA,NA,NA,NA,NA,NA,NA,NA,NA,NA,NA,NA,NA,NA,NA,NA,NA,NA,NA,Control
Elution-blank-1,NA,Lung Tissue,Neg Control,2,Elution_blank,NA,NA,NA,NA,NA,NA,NA,NA,NA,NA,60,BT_1,0.01,NA,NA,NA,NA,NA,NA,NA,NA,NA,NA,NA,NA,NA,NA,NA,NA,NA,NA,NA,NA,Control
5,NA,Fecal,True Sample,2,JI-646,1420953-2,WT,Male,Normal_Chow,HDM,None,50ug/40ul,1,1420953,10,NA,PS_1,114,JI-646-10,NA,42.5,NA,NA,NA,NA,NA,NA,25.06,NA,NA,NA,NA,28.41,NA,NA,NA,NA,28.15,1
JI-646,NA,Lung Tissue,True Sample,2,JI-646,1420953-2,WT,Male,Normal_Chow,HDM,None,50ug/40ul,1,1420953,10,9,BT_1,730,NA,NA,NA,NA,NA,NA,NA,NA,NA,25.06,NA,NA,NA,NA,28.41,NA,NA,NA,NA,28.15,1
40,NA,Fecal,True Sample,2,JI-647,1420953-4,WT,Male,Normal_Chow,PBS,None,40ul,1,1420953,10,NA,PS_1,163,JI-647-10,NA,99.5,NA,NA,NA,NA,NA,NA,25.34,NA,NA,NA,NA,30.28,NA,NA,NA,NA,30.06,1
JI-647,NA,Lung Tissue,True Sample,2,JI-647,1420953-4,WT,Male,Normal_Chow,PBS,None,40ul,1,1420953,10,21,BT_1,408,NA,NA,NA,NA,NA,NA,NA,NA,NA,25.34,NA,NA,NA,NA,30.28,NA,NA,NA,NA,30.06,1
32,NA,Fecal,True Sample,2,JI-648,1420953-3,WT,Male,Normal_Chow,PBS,None,40ul,1,1420953,10,NA,PS_1,126,JI-648-10,NA,80.5,NA,NA,NA,NA,NA,NA,25.38,NA,NA,NA,NA,30,NA,NA,NA,NA,29.68,1
JI-648,NA,Lung Tissue,True Sample,2,JI-648,1420953-3,WT,Male,Normal_Chow,PBS,None,40ul,1,1420953,10,3,BT_1,446,NA,NA,NA,NA,NA,NA,NA,NA,NA,25.38,NA,NA,NA,NA,30,NA,NA,NA,NA,29.68,1
38,NA,Fecal,True Sample,2,JI-649,1420953-1,WT,Male,Normal_Chow,HDM,None,50ug/40ul,1,1420953,10,NA,PS_1,48.5,JI-649-10,NA,58,NA,NA,NA,NA,NA,NA,25.09,NA,NA,NA,NA,27.91,NA,NA,NA,NA,27.72,1
JI-649,NA,Lung Tissue,True Sample,2,JI-649,1420953-1,WT,Male,Normal_Chow,HDM,None,50ug/40ul,1,1420953,10,17,BT_1,345,NA,NA,NA,NA,NA,NA,NA,NA,NA,25.09,NA,NA,NA,NA,27.91,NA,NA,NA,NA,27.72,1
JI-650,NA,Lung Tissue,True Sample,1,JI-650,1420961-1,WT,Female,High_Fat_Diet,HDM,None,50ug/40ul,1,1420961,10,16,BT_1,403,NA,NA,NA,NA,NA,NA,NA,NA,NA,19.04,NA,NA,NA,NA,25.86,NA,NA,NA,NA,24.33,1
33,NA,Fecal,True Sample,2,JI-650,1420961-1,WT,Female,High_Fat_Diet,HDM,None,50ug/40ul,1,1420961,10,NA,PS_1,24.7,JI-650-10,NA,49.5,NA,NA,NA,NA,NA,NA,19.04,NA,NA,NA,NA,25.86,NA,NA,NA,NA,24.33,1
4,NA,Fecal,True Sample,2,JI-651,1420958-2,KO,Male,High_Fat_Diet,PBS,None,40ul,1,1420958,10,NA,PS_1,134,JI-651-10,NA,77.5,NA,NA,204,297,249,190,27.4,231,346,319,233,38.1,NA,NA,NA,NA,36.05,1
JI-651,NA,Lung Tissue,True Sample,2,JI-651,1420958-2,KO,Male,High_Fat_Diet,PBS,None,40ul,1,1420958,10,51,BT_2,500,NA,NA,NA,NA,NA,204,297,249,190,27.4,231,346,319,233,38.1,NA,NA,NA,NA,36.05,1
6,NA,Fecal,True Sample,2,JI-652,1420958-1,KO,Male,High_Fat_Diet,HDM,None,50ug/40ul,1,1420958,10,NA,PS_1,61.8,JI-652-10,NA,33,NA,NA,216,312,296,187,24.41,221,363,357,236,38.1,NA,NA,NA,NA,42.82,1
57,NA,Fecal,True Sample,2,JI-652,1420958-1,KO,Male,High_Fat_Diet,HDM,None,50ug/40ul,1,1420958,10,NA,PS_2,5.28,JI-652-10,NA,36,NA,NA,216,312,296,187,24.41,221,363,357,236,38.1,NA,NA,NA,NA,42.82,1
JI-652,NA,Lung Tissue,True Sample,2,JI-652,1420958-1,KO,Male,High_Fat_Diet,HDM,None,50ug/40ul,1,1420958,10,8,BT_1,383,NA,NA,NA,NA,NA,216,312,296,187,24.41,221,363,357,236,38.1,NA,NA,NA,NA,42.82,1
8,NA,Fecal,True Sample,2,JI-653,1420950-1,KO,Female,High_Fat_Diet,HDM,None,50ug/40ul,1,1420950,10,NA,PS_1,148,JI-653-10,NA,50,NA,NA,NA,NA,NA,NA,NA,NA,NA,NA,NA,27.93,NA,NA,NA,NA,27.3,1
JI-653,NA,Lung Tissue,True Sample,2,JI-653,1420950-1,KO,Female,High_Fat_Diet,HDM,None,50ug/40ul,1,1420950,10,18,BT_1,660,NA,NA,NA,NA,NA,NA,NA,NA,NA,NA,NA,NA,NA,NA,27.93,NA,NA,NA,NA,27.3,1
10,NA,Fecal,True Sample,2,JI-654,1420950-2,WT,Female,High_Fat_Diet,HDM,None,50ug/40ul,1,1420950,10,NA,PS_1,79.7,JI-654-10,NA,28.5,NA,NA,NA,NA,NA,NA,NA,NA,NA,NA,NA,26.9,NA,NA,NA,NA,26.7,1
JI-654,NA,Lung Tissue,True Sample,2,JI-654,1420950-2,WT,Female,High_Fat_Diet,HDM,None,50ug/40ul,1,1420950,10,39,BT_1,149,NA,NA,NA,NA,NA,NA,NA,NA,NA,NA,NA,NA,NA,NA,26.9,NA,NA,NA,NA,26.7,1
JI-655,NA,Lung Tissue,True Sample,2,JI-655,1420951-1,WT,Male,High_Fat_Diet,PBS,None,40ul,1,1420951,10,29,BT_1,226,NA,NA,NA,NA,NA,NA,NA,NA,NA,NA,NA,NA,NA,NA,NA,NA,NA,NA,NA,NA,1
7,NA,Fecal,True Sample,2,JI-655,1420951-1,WT,Male,High_Fat_Diet,PBS,None,40ul,1,1420951,10,NA,PS_1,98.3,JI-655-10,NA,14,NA,NA,NA,NA,NA,NA,NA,NA,NA,NA,NA,NA,NA,NA,NA,NA,NA,1
JI-656,NA,Lung Tissue,True Sample,2,JI-656,1468825-1,KO,Male,High_Fat_Diet,PBS,None,40ul,1,1468825,10,13,BT_1,335,NA,NA,NA,NA,NA,NA,NA,NA,NA,25.26,NA,NA,NA,NA,42.3,NA,NA,NA,NA,41.7,1
19,NA,Fecal,True Sample,2,JI-656,1468825-1,KO,Male,High_Fat_Diet,PBS,None,40ul,1,1468825,10,NA,PS_1,148,JI-656-10,NA,66,NA,NA,NA,NA,NA,NA,25.26,NA,NA,NA,NA,42.3,NA,NA,NA,NA,41.7,1
24,NA,Fecal,True Sample,2,JI-657,1420949-1,KO,Male,Normal_Chow,HDM,None,50ug/40ul,1,1420949,10,NA,PS_1,203,JI-657-10,NA,92,NA,NA,NA,NA,NA,NA,NA,NA,NA,NA,NA,31.93,NA,NA,NA,NA,31.4,1
JI-657,NA,Lung Tissue,True Sample,2,JI-657,1420949-1,KO,Male,Normal_Chow,HDM,None,50ug/40ul,1,1420949,10,33,BT_1,314,NA,NA,92,NA,NA,NA,NA,NA,NA,NA,NA,NA,NA,NA,31.93,NA,NA,NA,NA,31.4,1
23,NA,Fecal,True Sample,2,JI-658,1420949-2,KO,Male,Normal_Chow,PBS,None,40ul,1,1420949,10,NA,PS_1,20.5,JI-658-10,NA,NA,NA,NA,NA,NA,NA,NA,NA,NA,NA,NA,NA,30.7,NA,NA,NA,NA,30.1,1
JI-658,NA,Lung Tissue,True Sample,2,JI-658,1420949-2,KO,Male,Normal_Chow,PBS,None,40ul,1,1420949,10,6,BT_1,690,NA,NA,NA,NA,NA,NA,NA,NA,NA,NA,NA,NA,NA,NA,30.7,NA,NA,NA,NA,30.1,1
JI-659,NA,Lung Tissue,True Sample,2,JI-659,1420965-1,KO,Male,Normal_Chow,HDM,None,50ug/40ul,1,1420965,10,30,BT_1,284,NA,NA,64.5,NA,NA,NA,NA,NA,NA,NA,NA,NA,NA,NA,26.93,NA,NA,NA,NA,26.9,1
11,NA,Fecal,True Sample,2,JI-659,1420965-1,KO,Male,Normal_Chow,HDM,None,50ug/40ul,1,1420965,10,NA,PS_1,116,JI-659-10,NA,64.5,NA,NA,NA,NA,NA,NA,NA,NA,NA,NA,NA,26.93,NA,NA,NA,NA,26.9,1
39,NA,Fecal,True Sample,2,JI-660,1467745-1,KO,Male,Normal_Chow,PBS,None,40ul,1,1467745,10,NA,PS_1,60.3,JI-660-10,NA,48.5,NA,NA,207,351,271,217,22.87,177,263,226,227,29.55,NA,NA,NA,NA,29.6,1
50,NA,Fecal,True Sample,2,JI-660,1467745-1,KO,Male,Normal_Chow,PBS,None,40ul,1,1467745,0,NA,PS_2,20.9,JI-660-0,NA,19.5,NA,NA,207,351,271,217,22.87,177,263,226,227,29.55,NA,NA,NA,NA,29.6,1
56,NA,Fecal,True Sample,2,JI-660,1467745-1,KO,Male,Normal_Chow,PBS,None,40ul,1,1467745,10,NA,PS_2,90.4,JI-660-10,NA,50,NA,NA,207,351,271,217,22.87,177,263,226,227,29.55,NA,NA,NA,NA,29.6,1
JI-660,NA,Lung Tissue,True Sample,2,JI-660,1467745-1,KO,Male,Normal_Chow,PBS,None,40ul,1,1467745,10,38,BT_1,232,NA,NA,NA,NA,NA,207,351,271,217,22.87,177,263,226,227,29.55,NA,NA,NA,NA,29.6,1
JI-661,NA,Lung Tissue,True Sample,2,JI-661,1477831/1420961-2,WT,Female,High_Fat_Diet,PBS,VSG,40ul,1,1477831,13,10,BT_1,449,NA,NA,NA,NA,NA,NA,NA,NA,NA,19.3,NA,NA,NA,NA,24.7,NA,NA,NA,NA,23.18,2
46,NA,Fecal,True Sample,2,JI-661,1477831/1420961-2,WT,Female,High_Fat_Diet,PBS,VSG,40ul,1,1477831,13,NA,PS_1,19.5,JI-661-13,NA,19.5,NA,NA,NA,NA,NA,NA,19.3,NA,NA,NA,NA,24.7,NA,NA,NA,NA,23.18,2
JI-662,NA,Lung Tissue,True Sample,2,JI-662,1420955-1,WT,Male,High_Fat_Diet,PBS,Sham,40ul,1,1420955,13,22,BT_1,412,NA,NA,NA,NA,NA,NA,NA,NA,NA,23.96,NA,NA,NA,NA,37,NA,NA,NA,NA,35.31,2
31,NA,Fecal,True Sample,2,JI-662,1420955-1,WT,Male,High_Fat_Diet,PBS,Sham,40ul,1,1420955,13,NA,PS_1,56.6,JI-662-13,NA,60,NA,NA,NA,NA,NA,NA,23.96,NA,NA,NA,NA,37,NA,NA,NA,NA,35.31,2
JI-663,NA,Lung Tissue,True Sample,NA,JI-663,1467747-1,WT,Female,Normal_Chow,HDM,None,50ug/40ul,1,1467747,13,28,BT_1,3.81,NA,NA,NA,NA,NA,147,255,223,184,18.02,166,339,247,168,21.63,NA,NA,NA,NA,22.47,1
21,NA,Fecal,True Sample,2,JI-663,1467747-1,WT,Female,Normal_Chow,HDM,None,50ug/40ul,1,1467747,13,NA,PS_1,84.6,JI-663-13,NA,61.5,NA,NA,147,255,223,184,18.02,166,339,247,168,21.63,NA,NA,NA,NA,22.47,1
71,NA,Fecal,True Sample,2,JI-663,1467747-1,WT,Female,Normal_Chow,HDM,None,50ug/40ul,1,1467747,10,NA,PS_2,2.8,JI-663-10,NA,8,NA,NA,147,255,223,184,18.02,166,339,247,168,21.63,NA,NA,NA,NA,22.47,1
JI-664,NA,Lung Tissue,True Sample,2,JI-664,1467747-2,WT,Female,Normal_Chow,PBS,None,40ul,1,1467747,13,37,BT_1,448,NA,NA,NA,NA,NA,172,351,271,177,18.34,189,315,274,190,22.32,NA,NA,NA,NA,21.84,1
41,NA,Fecal,True Sample,2,JI-664,1467747-2,WT,Female,Normal_Chow,PBS,None,40ul,1,1467747,13,NA,PS_1,41,JI-664-13,NA,32,NA,NA,172,351,271,177,18.34,189,315,274,190,22.32,NA,NA,NA,NA,21.84,1
72,NA,Fecal,True Sample,2,JI-664,1467747-2,WT,Female,Normal_Chow,PBS,None,40ul,1,1467747,10,NA,PS_2,90.5,JI-664-10,NA,50.5,NA,NA,172,351,271,177,18.34,189,315,274,190,22.32,NA,NA,NA,NA,21.84,1
JI-665,NA,Lung Tissue,True Sample,2,JI-665,1477806/1420956-3,WT,Female,High_Fat_Diet,HDM,Sham,50ug/40ul,1,1477806,13,36,BT_1,173,NA,NA,NA,NA,NA,235,359,299,175,20.43,188,333,377,226,24.67,NA,NA,NA,NA,25.15,2
28,NA,Fecal,True Sample,2,JI-665,1477806/1420956-3,WT,Female,High_Fat_Diet,HDM,Sham,50ug/40ul,1,1477806,13,NA,PS_1,39.1,JI-665-13,NA,26,NA,NA,235,359,299,175,20.43,188,333,377,226,24.67,NA,NA,NA,NA,25.15,2
58,NA,Fecal,True Sample,2,JI-665,1477806/1420956-3,WT,Female,High_Fat_Diet,HDM,Sham,50ug/40ul,1,1477806,10,NA,PS_2,12.4,JI-665-10,NA,13,NA,NA,235,359,299,175,20.43,188,333,377,226,24.67,NA,NA,NA,NA,25.15,2
26,NA,Fecal,True Sample,2,JI-666,1420952-4,KO,Female,High_Fat_Diet,HDM,None,50ug/40ul,1,1420952,13,NA,PS_1,24.9,JI-666-13,NA,28,NA,NA,192,362,349,204,18.34,174,391,378,198,24.48,NA,NA,NA,NA,23.08,1
68,NA,Fecal,True Sample,2,JI-666,1420952-4,KO,Female,High_Fat_Diet,HDM,None,50ug/40ul,1,1420952,10,NA,PS_2,45.3,JI-666-10,NA,31.5,NA,NA,192,362,349,204,18.34,174,391,378,198,24.48,NA,NA,NA,NA,23.08,1
JI-666,NA,Lung Tissue,True Sample,2,JI-666,1420952-4,KO,Female,High_Fat_Diet,HDM,None,50ug/40ul,1,1420952,13,7,BT_1,360,NA,NA,NA,NA,NA,192,362,349,204,18.34,174,391,378,198,24.48,NA,NA,NA,NA,23.08,1
27,NA,Fecal,True Sample,2,JI-667,1420952-5,KO,Female,High_Fat_Diet,PBS,None,40ul,1,1420952,13,NA,PS_1,94,JI-667-13,NA,60.5,NA,NA,188,369,287,181,18.85,227,412,374,232,33.07,NA,NA,NA,NA,31.56,1
59,NA,Fecal,True Sample,2,JI-667,1420952-5,KO,Female,High_Fat_Diet,PBS,None,40ul,1,1420952,10,NA,PS_2,61.7,JI-667-10,NA,35.5,NA,JI-668 Missing,188,369,287,181,18.85,227,412,374,232,33.07,NA,NA,NA,NA,31.56,1
JI-667,NA,Lung Tissue,True Sample,2,JI-667,1420952-5,KO,Female,High_Fat_Diet,PBS,None,40ul,1,1420952,13,23,BT_1,413,NA,NA,NA,NA,NA,188,369,287,181,18.85,227,412,374,232,33.07,NA,NA,NA,NA,31.56,1
JI-668,NA,Lung Tissue,True Sample,1,JI-668,1477834/1420957-1,KO,Male,High_Fat_Diet,HDM,Sham,50ug/40ul,1,1477834,13,5,BT_1,488,NA,NA,NA,NA,NA,NA,NA,NA,NA,28.38,NA,NA,NA,NA,45.6,NA,NA,NA,NA,40.62,2
JI-669,NA,Lung Tissue,True Sample,2,JI-669,1477824/1420956-4,WT,Female,High_Fat_Diet,PBS,Sham,40ul,1,1477824,13,42,BT_1,680,NA,NA,NA,NA,NA,193,319,268,166,20.37,194,356,310,254,31.93,NA,NA,NA,NA,31.56,2
2,NA,Fecal,True Sample,2,JI-669,1477824/1420956-4,WT,Female,High_Fat_Diet,PBS,Sham,40ul,1,1477824,13,NA,PS_1,85.1,JI-669-13,NA,56,NA,NA,193,319,268,166,20.37,194,356,310,254,31.93,NA,NA,NA,NA,31.56,2
52,NA,Fecal,True Sample,2,JI-669,1477824/1420956-4,WT,Female,High_Fat_Diet,PBS,Sham,40ul,1,1477824,10,NA,PS_2,24.6,JI-669-10,NA,37.5,NA,NA,193,319,268,166,20.37,194,356,310,254,31.93,NA,NA,NA,NA,31.56,2
JI-670,NA,Lung Tissue,True Sample,1,JI-670,1477830/1420961-3,WT,Female,High_Fat_Diet,HDM,Sham,50ug/40ul,1,1477830,13,43,BT_1,132,NA,NA,NA,NA,NA,NA,NA,NA,NA,20.06,NA,NA,NA,NA,24.6,NA,NA,NA,NA,27.08,2
1,NA,Fecal,True Sample,2,JI-670,1477830/1420961-3,WT,Female,High_Fat_Diet,HDM,Sham,50ug/40ul,1,1477830,13,NA,PS_1,55.5,JI-670-13,NA,57,NA,NA,NA,NA,NA,NA,20.06,NA,NA,NA,NA,24.6,NA,NA,NA,NA,27.08,2
JI-671,NA,Lung Tissue,True Sample,2,JI-671,1477826/1420952-2,KO,Female,High_Fat_Diet,HDM,VSG,50ug/40ul,1,1477826,13,45,BT_1,48.3,NA,NA,NA,NA,NA,179,388,286,195,18.57,173,332,236,190,21.06,NA,NA,NA,NA,21.92,2
12,NA,Fecal,True Sample,2,JI-671,1477826/1420952-2,KO,Female,High_Fat_Diet,HDM,VSG,50ug/40ul,1,1477826,13,NA,PS_1,22.8,JI-671-13,NA,19,NA,NA,179,388,286,195,18.57,173,332,236,190,21.06,NA,NA,NA,NA,21.92,2
65,NA,Fecal,True Sample,2,JI-671,1477826/1420952-2,KO,Female,High_Fat_Diet,HDM,VSG,50ug/40ul,1,1477826,10,NA,PS_2,5.39,JI-671-10,NA,11,NA,NA,179,388,286,195,18.57,173,332,236,190,21.06,NA,NA,NA,NA,21.92,2
16,NA,Fecal,True Sample,2,JI-672,1420956-1,WT,Female,High_Fat_Diet,HDM,None,50ug/40ul,1,1420956,13,NA,PS_1,23.1,JI-672-13,NA,15.5,NA,NA,151,259,243,159,18.75,185,320,264,176,22.2,NA,NA,NA,NA,22.17,1
66,NA,Fecal,True Sample,2,JI-672,1420956-1,WT,Female,High_Fat_Diet,HDM,None,50ug/40ul,1,1420956,10,NA,PS_2,23.1,JI-672-10,NA,16.5,NA,NA,151,259,243,159,18.75,185,320,264,176,22.2,NA,NA,NA,NA,22.17,1
JI-672,NA,Lung Tissue,True Sample,2,JI-672,1420956-1,WT,Female,High_Fat_Diet,HDM,None,50ug/40ul,1,1420956,13,2,BT_1,309,NA,NA,NA,NA,NA,151,259,243,159,18.75,185,320,264,176,22.2,NA,NA,NA,NA,22.17,1
18,NA,Fecal,True Sample,2,JI-673,1420956-2,WT,Female,High_Fat_Diet,PBS,None,40ul,1,1420956,13,NA,PS_1,11.3,JI-673-13,NA,22.5,NA,NA,146,331,273,157,17.68,163,331,291,186,22.01,NA,NA,NA,NA,20.87,1
JI-673,NA,Lung Tissue,True Sample,NA,JI-673,1420956-2,WT,Female,High_Fat_Diet,PBS,None,40ul,1,1420956,13,14,BT_1,416,NA,NA,NA,NA,NA,146,331,273,157,17.68,163,331,291,186,22.01,NA,NA,NA,NA,20.87,1
JI-674,NA,Lung Tissue,True Sample,2,JI-674,1477828/1420952-1,KO,Female,High_Fat_Diet,PBS,Sham,40ul,1,1477828,13,44,BT_1,396,NA,NA,NA,NA,NA,195,346,253,187,19.5,184,339,317,174,22.03,NA,NA,NA,NA,21.12,2
14,NA,Fecal,True Sample,2,JI-674,1477828/1420952-1,KO,Female,High_Fat_Diet,PBS,Sham,40ul,1,1477828,13,NA,PS_1,31,JI-674-13,NA,31.5,NA,NA,195,346,253,187,19.5,184,339,317,174,22.03,NA,NA,NA,NA,21.12,2
JI-675,NA,Lung Tissue,True Sample,2,JI-675,1477827/1420952-3,KO,Female,High_Fat_Diet,PBS,VSG,40ul,1,1477827,13,31,BT_1,448,NA,NA,NA,NA,NA,204,327,308,183,19.98,191,412,344,194,27.33,NA,NA,NA,NA,24.9,2
15,NA,Fecal,True Sample,2,JI-675,1477827/1420952-3,KO,Female,High_Fat_Diet,PBS,VSG,40ul,1,1477827,13,NA,PS_1,17.6,JI-675-13,NA,26.5,NA,NA,204,327,308,183,19.98,191,412,344,194,27.33,NA,NA,NA,NA,24.9,2
53,NA,Fecal,True Sample,2,JI-675,1477827/1420952-3,KO,Female,High_Fat_Diet,PBS,VSG,40ul,1,1477827,10,NA,PS_2,23.2,JI-675-10,NA,23.5,NA,NA,204,327,308,183,19.98,191,412,344,194,27.33,NA,NA,NA,NA,24.9,2
JI-676,NA,Lung Tissue,True Sample,1,JI-676,1477833/1420957-4,KO,Male,High_Fat_Diet,PBS,VSG,40ul,1,1477833,13,32,BT_1,790,NA,NA,NA,NA,NA,NA,NA,NA,NA,27.73,NA,NA,NA,NA,43.7,NA,NA,NA,NA,37.5,2
34,NA,Fecal,True Sample,2,JI-676,1477833/1420957-4,KO,Male,High_Fat_Diet,PBS,VSG,40ul,1,1477833,13,NA,PS_1,24.7,JI-676-13,NA,40.5,NA,NA,NA,NA,NA,NA,27.73,NA,NA,NA,NA,43.7,NA,NA,NA,NA,37.5,2
43,NA,Fecal,True Sample,2,JI-677,1420963-1,WT,Female,Normal_Chow,HDM,None,50ug/40ul,1,1420963,13,NA,PS_1,174,JI-677-13,NA,59.5,NA,NA,NA,NA,NA,NA,17.65,NA,NA,NA,NA,21.81,NA,NA,NA,NA,22,1
JI-677,NA,Lung Tissue,True Sample,2,JI-677,1420963-1,WT,Female,Normal_Chow,HDM,None,50ug/40ul,1,1420963,13,24,BT_1,240,NA,NA,NA,NA,NA,NA,NA,NA,NA,17.65,NA,NA,NA,NA,21.81,NA,NA,NA,NA,22,1
44,NA,Fecal,True Sample,2,JI-678,1420963-2,WT,Female,Normal_Chow,PBS,None,40ul,1,1420963,13,NA,PS_1,225,JI-678-13,NA,91.5,NA,NA,NA,NA,NA,NA,19.57,NA,NA,NA,NA,26.17,NA,NA,NA,NA,26.5,1
JI-678,NA,Lung Tissue,True Sample,1,JI-678,1420963-2,WT,Female,Normal_Chow,PBS,None,40ul,1,1420963,13,20,BT_1,480,NA,NA,NA,NA,NA,NA,NA,NA,NA,19.57,NA,NA,NA,NA,26.17,NA,NA,NA,NA,26.5,1
47,NA,Fecal,True Sample,2,JI-679,1420964-1,KO,Female,High_Fat_Diet,HDM,None,50ug/40ul,1,1420964,13,NA,PS_1,39.8,JI-679-13,NA,49.5,NA,NA,NA,NA,NA,NA,18.16,NA,NA,NA,NA,21.88,NA,NA,NA,NA,23.2,1
JI-679,NA,Lung Tissue,True Sample,2,JI-679,1420964-1,KO,Female,High_Fat_Diet,HDM,None,50ug/40ul,1,1420964,13,27,BT_1,273,NA,NA,NA,NA,NA,NA,NA,NA,NA,18.16,NA,NA,NA,NA,21.88,NA,NA,NA,NA,23.2,1
48,NA,Fecal,True Sample,2,JI-680,1467743-1,WT,Female,High_Fat_Diet,HDM,None,50ug/40ul,1,1467743,13,NA,PS_1,89.2,JI-680-13,NA,56,NA,NA,NA,NA,NA,NA,17.98,NA,NA,NA,NA,21.66,NA,NA,NA,NA,22.4,1
JI-680,NA,Lung Tissue,True Sample,2,JI-680,1467743-1,WT,Female,High_Fat_Diet,HDM,None,50ug/40ul,1,1467743,13,55,BT_2,187,NA,NA,NA,NA,NA,NA,NA,NA,NA,17.98,NA,NA,NA,NA,21.66,NA,NA,NA,NA,22.4,1
JI-681,NA,Lung Tissue,True Sample,2,JI-681,1477818/1420960-2,WT,Female,High_Fat_Diet,HDM,VSG,50ug/40ul,1,1477818,13,19,BT_1,420,NA,NA,NA,NA,NA,168,306,291,156,17.74,173,306,198,174,21.96,196,329,193,137,22.3,2
35,NA,Fecal,True Sample,2,JI-681,1477818/1420960-2,WT,Female,High_Fat_Diet,HDM,VSG,50ug/40ul,1,1477818,13,NA,PS_1,55.9,JI-681-13,NA,55.5,NA,NA,168,306,291,156,17.74,173,306,198,174,21.96,196,329,193,137,22.3,2
JI-682,NA,Lung Tissue,True Sample,2,JI-682,1420960-3,WT,Female,High_Fat_Diet,PBS,Sham,40ul,1,1420960,13,1,BT_1,464,NA,NA,NA,NA,NA,207,360,373,176,18.72,164,332,206,154,21.42,181,364,202,147,23.1,2
60,NA,Fecal,True Sample,2,JI-682,1420960-3,WT,Female,High_Fat_Diet,PBS,Sham,40ul,1,1420960,0,NA,PS_2,5.75,JI-682-0,NA,7,NA,NA,207,360,373,176,18.72,164,332,206,154,21.42,181,364,202,147,23.1,2
69,NA,Fecal,True Sample,2,JI-682,1420960-3,WT,Female,High_Fat_Diet,PBS,Sham,40ul,1,1420960,10,NA,PS_2,36.8,JI-682-10,NA,59,NA,NA,207,360,373,176,18.72,164,332,206,154,21.42,181,364,202,147,23.1,2
22,NA,Fecal,True Sample,2,JI-683,1420959-1,KO,Female,Normal_Chow,HDM,None,50ug/40ul,1,1420959,13,NA,PS_1,43.6,JI-683-13,NA,23.5,NA,NA,177,280,293,141,19.98,161,294,270,195,23.46,176,282,274,154,22.9,1
55,NA,Fecal,True Sample,2,JI-683,1420959-1,KO,Female,Normal_Chow,HDM,None,50ug/40ul,1,1420959,10,NA,PS_2,73.4,JI-683-10,NA,51,NA,NA,177,280,293,141,19.98,161,294,270,195,23.46,176,282,274,154,22.9,1
64,NA,Fecal,True Sample,2,JI-683,1420959-1,KO,Female,Normal_Chow,HDM,None,50ug/40ul,1,1420959,0,NA,PS_2,31,JI-683-0,NA,23,NA,NA,177,280,293,141,19.98,161,294,270,195,23.46,176,282,274,154,22.9,1
JI-683,NA,Lung Tissue,True Sample,2,JI-683,1420959-1,KO,Female,Normal_Chow,HDM,None,50ug/40ul,1,1420959,13,54,BT_2,151,NA,NA,NA,NA,NA,177,280,293,141,19.98,161,294,270,195,23.46,176,282,274,154,22.9,1
3,NA,Fecal,True Sample,2,JI-684,1420959-2,KO,Female,Normal_Chow,PBS,None,40ul,1,1420959,13,NA,PS_1,93.8,JI-684-13,NA,46,NA,NA,176,307,211,148,19.66,160,318,278,172,23.38,172,315,255,183,24,1
51,NA,Fecal,True Sample,2,JI-684,1420959-2,KO,Female,Normal_Chow,PBS,None,40ul,1,1420959,0,NA,PS_2,55.7,JI-684-0,NA,72,NA,NA,176,307,211,148,19.66,160,318,278,172,23.38,172,315,255,183,24,1
73,NA,Fecal,True Sample,2,JI-684,1420959-2,KO,Female,Normal_Chow,PBS,None,40ul,1,1420959,0,NA,PS_2,80.8,JI-684-0,NA,NA,NA,NA,176,307,211,148,19.66,160,318,278,172,23.38,172,315,255,183,24,1
JI-684,NA,Lung Tissue,True Sample,2,JI-684,1420959-2,KO,Female,Normal_Chow,PBS,None,40ul,1,1420959,13,46,BT_1,351,NA,NA,NA,NA,NA,176,307,211,148,19.66,160,318,278,172,23.38,172,315,255,183,24,1
9,NA,Fecal,True Sample,2,JI-685,1420959-3,KO,Female,Normal_Chow,HDM,None,50ug/40ul,1,1420959,13,NA,PS_1,124,JI-685-13,NA,55.5,NA,NA,172,350,301,160,18.23,166,329,298,183,22.79,188,345,265,196,22.1,1
63,NA,Fecal,True Sample,2,JI-685,1420959-3,KO,Female,Normal_Chow,HDM,None,50ug/40ul,1,1420959,0,NA,PS_2,18.1,JI-685-0,NA,16,NA,NA,172,350,301,160,18.23,166,329,298,183,22.79,188,345,265,196,22.1,1
67,NA,Fecal,True Sample,2,JI-685,1420959-3,KO,Female,Normal_Chow,HDM,None,50ug/40ul,1,1420959,10,NA,PS_2,39.9,JI-685-10,NA,46,NA,NA,172,350,301,160,18.23,166,329,298,183,22.79,188,345,265,196,22.1,1
JI-685,NA,Lung Tissue,True Sample,2,JI-685,1420959-3,KO,Female,Normal_Chow,HDM,None,50ug/40ul,1,1420959,13,35,BT_1,131,NA,NA,NA,NA,NA,172,350,301,160,18.23,166,329,298,183,22.79,188,345,265,196,22.1,1
JI-686,NA,Lung Tissue,True Sample,2,JI-686,1477811/1420964-5,KO,Female,High_Fat_Diet,PBS,VSG,40ul,1,1477811,13,4,BT_1,330,NA,NA,NA,NA,NA,NA,NA,NA,NA,18.24,NA,NA,NA,NA,28.52,NA,NA,NA,NA,25.6,2
25,NA,Fecal,True Sample,2,JI-686,1477811/1420964-5,KO,Female,High_Fat_Diet,PBS,VSG,40ul,1,1477811,13,NA,PS_1,36.9,JI-686-13,NA,38,NA,NA,NA,NA,NA,NA,18.24,NA,NA,NA,NA,28.52,NA,NA,NA,NA,25.6,2
JI-687,NA,Lung Tissue,True Sample,2,JI-687,1477817/1467744-1,KO,Female,High_Fat_Diet,HDM,Sham,50ug/40ul,1,1477817,13,34,BT_1,173,NA,NA,NA,NA,NA,183,295,235,171,17.91,176,385,330,252,26.82,150,268,186,184,23.8,2
61,NA,Fecal,True Sample,2,JI-687,1477817/1467744-1,KO,Female,High_Fat_Diet,HDM,Sham,50ug/40ul,1,1477817,0,NA,PS_2,14.1,JI-687-0,NA,20.5,NA,NA,183,295,235,171,17.91,176,385,330,252,26.82,150,268,186,184,23.8,2
70,NA,Fecal,True Sample,2,JI-687,1477817/1467744-1,KO,Female,High_Fat_Diet,HDM,Sham,50ug/40ul,1,1477817,10,NA,PS_2,46.6,JI-687-10,NA,70,NA,NA,183,295,235,171,17.91,176,385,330,252,26.82,150,268,186,184,23.8,2
JI-688,NA,Lung Tissue,True Sample,1,JI-688,1477807/1467746-1,KO,Female,High_Fat_Diet,HDM,VSG,50ug/40ul,1,1477807,13,40,BT_1,42,NA,NA,NA,NA,NA,NA,NA,NA,NA,19.34,NA,NA,NA,NA,28.34,NA,NA,NA,NA,25.6,2
37,NA,Fecal,True Sample,2,JI-688,1477807/1467746-1,KO,Female,High_Fat_Diet,HDM,VSG,50ug/40ul,1,1477807,13,NA,PS_1,28.6,JI-688-13,NA,33.5,NA,NA,NA,NA,NA,NA,19.34,NA,NA,NA,NA,28.34,NA,NA,NA,NA,25.6,2
JI-688-Redo,NA,Lung Tissue,True Sample,2,JI-688,1477807/1467746-1,KO,Female,High_Fat_Diet,HDM,VSG,50ug/40ul,1,1477807,13,40,BT_1,42,NA,NA,NA,NA,NA,NA,NA,NA,NA,19.34,NA,NA,NA,NA,28.34,NA,NA,NA,NA,25.6,2
JI-689,NA,Lung Tissue,True Sample,2,JI-689,1477812/1420964-3,KO,Female,High_Fat_Diet,PBS,Sham,40ul,1,1477812,13,41,BT_1,489,NA,NA,NA,NA,NA,NA,NA,NA,NA,19.26,NA,NA,NA,NA,28.6,NA,NA,NA,NA,21.6,2
13,NA,Fecal,True Sample,2,JI-689,1477812/1420964-3,KO,Female,High_Fat_Diet,PBS,Sham,40ul,1,1477812,13,NA,PS_1,31,JI-689-13,NA,41,NA,NA,NA,NA,NA,NA,19.26,NA,NA,NA,NA,28.6,NA,NA,NA,NA,21.6,2
JI-690,NA,Lung Tissue,True Sample,2,JI-690,1420962-2,WT,Male,High_Fat_Diet,PBS,Sham,40ul,1,1420962,13,15,BT_1,415,NA,NA,NA,NA,NA,182,275,254,183,22.5,352,492,513,446,49.41,244,452,399,339,46.8,2
42,NA,Fecal,True Sample,2,JI-690,1420962-2,WT,Male,High_Fat_Diet,PBS,Sham,40ul,1,1420962,13,NA,PS_1,21.9,JI-690-13,NA,39.5,NA,NA,182,275,254,183,22.5,352,492,513,446,49.41,244,452,399,339,46.8,2
54,NA,Fecal,True Sample,2,JI-690,1420962-2,WT,Male,High_Fat_Diet,PBS,Sham,40ul,1,1420962,10,NA,PS_2,79.9,JI-690-10,NA,54,NA,NA,182,275,254,183,22.5,352,492,513,446,49.41,244,452,399,339,46.8,2
17,NA,Fecal,True Sample,2,JI-691,1420951-2,WT,Male,High_Fat_Diet,HDM,None,50ug/40ul,1,1420951,13,NA,PS_1,30.5,JI-691-13,NA,74,NA,NA,NA,NA,NA,NA,24.54,NA,NA,NA,NA,33.03,NA,NA,NA,NA,33.9,1
JI-691,NA,Lung Tissue,True Sample,2,JI-691,1420951-2,WT,Male,High_Fat_Diet,HDM,None,50ug/40ul,1,1420951,13,53,BT_2,262,NA,NA,NA,NA,NA,NA,NA,NA,NA,24.54,NA,NA,NA,NA,33.03,NA,NA,NA,NA,33.9,1
JI-692,NA,Lung Tissue,True Sample,2,JI-692,1477823/1468825-2,KO,Male,High_Fat_Diet,HDM,Sham,50ug/40ul,1,1477823,13,52,BT_2,189,NA,NA,NA,NA,NA,NA,NA,NA,NA,NA,NA,NA,NA,NA,NA,NA,NA,NA,NA,NA,2
45,NA,Fecal,True Sample,2,JI-692,1477823/1468825-2,KO,Male,High_Fat_Diet,HDM,Sham,50ug/40ul,1,1477823,13,NA,PS_1,34.2,JI-692-13,NA,23.5,NA,NA,NA,NA,NA,NA,NA,NA,NA,NA,NA,NA,NA,NA,NA,NA,NA,2
JI-693,NA,Lung Tissue,True Sample,2,JI-693,1467744-2,KO,Female,High_Fat_Diet,PBS,Sham,40ul,1,1467744,13,56,BT_2,520,NA,NA,NA,NA,NA,172,291,276,173,16.76,170,328,249,231,21.8,201,365,284,178,23.3,2
29,NA,Fecal,True Sample,2,JI-693,1467744-2,KO,Female,High_Fat_Diet,PBS,Sham,40ul,1,1467744,13,NA,PS_1,34.4,JI-693-13,NA,46.5,NA,NA,172,291,276,173,16.76,170,328,249,231,21.8,201,365,284,178,23.3,2
262,NA,Fecal,True Sample,2,JI-723,1489595-1,KO,Female,High_Fat_Diet,HDM,None,50ug/40ul,2,1489595,0,NA,PS_2,48.8,NA,595-1,27.5,595-1 Fecal wk 0,NA,200,406,285,148,21.1,157,421,272,209,24.04,159,246,195,153,25.6,1
265,NA,Fecal,True Sample,2,JI-723,1489595-1,KO,Female,High_Fat_Diet,HDM,None,50ug/40ul,2,1489595,13,NA,PS_2,8.59,NA,JI-723,41.5,JI-723 Fecal wk 13,NA,200,406,285,148,21.1,157,421,272,209,24.04,159,246,195,153,25.6,1
229,NA,Fecal,True Sample,2,JI-724,1489566-1,WT,Female,Normal_Chow,PBS,None,40ul,2,1489566,0,NA,PS_2,48.8,NA,566-1,16,566-1 Fecal wk 0,NA,152,275,238,144,19.11,176,296,272,163,23.92,146,273,265,157,24.3,1
232,NA,Fecal,True Sample,2,JI-724,1489566-1,WT,Female,Normal_Chow,PBS,None,40ul,2,1489566,10,NA,PS_2,16.8,NA,566-1,10.5,566-1 Fecal wk 10,NA,152,275,238,144,19.11,176,296,272,163,23.92,146,273,265,157,24.3,1
233,NA,Fecal,True Sample,2,JI-724,1489566-1,WT,Female,Normal_Chow,PBS,None,40ul,2,1489566,13,NA,PS_2,38.6,NA,JI-724,22,JI-724 Fecal wk 13,NA,152,275,238,144,19.11,176,296,272,163,23.92,146,273,265,157,24.3,1
204,NA,Fecal,True Sample,2,JI-725,1489566-2,WT,Female,Normal_Chow,PBS,None,40ul,2,1489566,10,NA,PS_2,37.5,NA,566-2,23.5,566-2 Fecal wk 10,NA,196,339,279,185,18.02,195,378,236,192,22.72,189,327,241,151,22.8,1
205,NA,Fecal,True Sample,2,JI-725,1489566-2,WT,Female,Normal_Chow,PBS,None,40ul,2,1489566,0,NA,PS_2,37,NA,566-2,8.5,566-2 Fecal wk 0,NA,196,339,279,185,18.02,195,378,236,192,22.72,189,327,241,151,22.8,1
217,NA,Fecal,True Sample,2,JI-725,1489566-2,WT,Female,Normal_Chow,PBS,None,40ul,2,1489566,13,NA,PS_2,32.2,NA,JI-725,NA,JI-725 Fecal wk 13,NA,196,339,279,185,18.02,195,378,236,192,22.72,189,327,241,151,22.8,1
207,NA,Fecal,True Sample,2,JI-726,1489566-3,WT,Female,Normal_Chow,PBS,None,40ul,2,1489566,10,NA,PS_2,105,NA,566-3,33.5,566-3 Fecal wk 10,NA,194,395,325,172,19.54,127,329,262,175,24.03,148,363,241,168,24.5,1
215,NA,Fecal,True Sample,2,JI-726,1489566-3,WT,Female,Normal_Chow,PBS,None,40ul,2,1489566,0,NA,PS_2,78.7,NA,566-3,38,566-3 Fecal wk 0,NA,194,395,325,172,19.54,127,329,262,175,24.03,148,363,241,168,24.5,1
222,NA,Fecal,True Sample,2,JI-726,1489566-3,WT,Female,Normal_Chow,PBS,None,40ul,2,1489566,13,NA,PS_2,78.4,NA,JI-726,54,JI-726 Fecal wk 13,NA,194,395,325,172,19.54,127,329,262,175,24.03,148,363,241,168,24.5,1
206,NA,Fecal,True Sample,2,JI-727,1489566-4,WT,Female,Normal_Chow,HDM,None,50ug/40ul,2,1489566,0,NA,PS_2,39.9,NA,566-4,16,566-4 Fecal wk 0,NA,212,418,311,162,17.43,173,368,356,196,24.19,166,345,249,149,22.4,1
210,NA,Fecal,True Sample,2,JI-727,1489566-4,WT,Female,Normal_Chow,HDM,None,50ug/40ul,2,1489566,13,NA,PS_2,87.1,NA,JI-727,23,JI-727 Fecal wk 13,NA,212,418,311,162,17.43,173,368,356,196,24.19,166,345,249,149,22.4,1
227,NA,Fecal,True Sample,2,JI-727,1489566-4,WT,Female,Normal_Chow,HDM,None,50ug/40ul,2,1489566,10,NA,PS_2,97,NA,566-4,33.5,566-4 Fecal wk 10,NA,212,418,311,162,17.43,173,368,356,196,24.19,166,345,249,149,22.4,1
208,NA,Fecal,True Sample,2,JI-728,1489566-5,WT,Female,Normal_Chow,HDM,None,50ug/40ul,2,1489566,10,NA,PS_2,27.9,NA,566-5,9.5,566-5 Fecal wk 10,NA,192,408,349,168,16.91,182,395,351,206,21.31,190,361,221,170,23.6,1
212,NA,Fecal,True Sample,2,JI-728,1489566-5,WT,Female,Normal_Chow,HDM,None,50ug/40ul,2,1489566,0,NA,PS_2,45.1,NA,566-5,18,566-5 Fecal wk 0,NA,192,408,349,168,16.91,182,395,351,206,21.31,190,361,221,170,23.6,1
213,NA,Fecal,True Sample,2,JI-728,1489566-5,WT,Female,Normal_Chow,HDM,None,50ug/40ul,2,1489566,13,NA,PS_2,53,NA,JI-728,34,JI-728 Fecal wk 13,NA,192,408,349,168,16.91,182,395,351,206,21.31,190,361,221,170,23.6,1
248,NA,Fecal,True Sample,2,JI-729,1489560-3,WT,Male,High_Fat_Diet,PBS,Sham,40ul,2,1489560,13,NA,PS_2,5.19,NA,JI-729,3.5,JI-729 Fecal wk 13,NA,188,379,344,194,21.33,253,436,473,363,34.34,199,376,296,191,30.7,2
260,NA,Fecal,True Sample,2,JI-729,1489560-3,WT,Male,High_Fat_Diet,PBS,Sham,40ul,2,1489560,10,NA,PS_2,18.9,NA,560-3,11.5,560-3 Fecal wk 10,NA,188,379,344,194,21.33,253,436,473,363,34.34,199,376,296,191,30.7,2
289,NA,Fecal,True Sample,2,JI-729,1489560-3,WT,Male,High_Fat_Diet,PBS,Sham,40ul,2,1489560,0,NA,PS_2,43.2,NA,560-3,25.5,560-3 Fecal wk 0,NA,188,379,344,194,21.33,253,436,473,363,34.34,199,376,296,191,30.7,2
257,NA,Fecal,True Sample,2,JI-730,1489561-1,KO,Male,High_Fat_Diet,HDM,None,50ug/40ul,2,1489561,13,NA,PS_2,77.5,NA,JI-730,78.5,JI-730 Fecal wk 13,NA,224,370,322,200,25.36,251,282,305,217,46.18,246,455,311,279,48.9,1
278,NA,Fecal,True Sample,2,JI-730,1489561-1,KO,Male,High_Fat_Diet,HDM,None,50ug/40ul,2,1489561,0,NA,PS_2,82,NA,561-1,33.5,561-1 Fecal wk 0,NA,224,370,322,200,25.36,251,282,305,217,46.18,246,455,311,279,48.9,1
267,NA,Fecal,True Sample,2,JI-731,1489561-2,KO,Male,High_Fat_Diet,PBS,None,40ul,2,1489561,10,NA,PS_2,19.5,NA,561-2,35,561-2 Fecal wk 10,NA,169,337,307,184,27.03,257,459,318,246,47.48,296,476,415,370,49.6,1
269,NA,Fecal,True Sample,2,JI-731,1489561-2,KO,Male,High_Fat_Diet,PBS,None,40ul,2,1489561,13,NA,PS_2,25.6,NA,JI-731,36.5,JI-731 Fecal wk 13,NA,169,337,307,184,27.03,257,459,318,246,47.48,296,476,415,370,49.6,1
251,NA,Fecal,True Sample,2,JI-732,1522804/1489567-4,KO,Male,High_Fat_Diet,PBS,VSG,40ul,2,1522804,13,NA,PS_2,36.6,NA,JI-732,28.5,JI-732 Fecal wk 13,NA,209,377,278,164,24.45,245,392,219,235,43.74,169,306,167,167,32.6,2
287,NA,Fecal,True Sample,2,JI-732,1522804/1489567-4,KO,Male,High_Fat_Diet,PBS,VSG,40ul,2,1522804,0,NA,PS_2,91.8,NA,567-4,49.5,567-4 Fecal wk 0,NA,209,377,278,164,24.45,245,392,219,235,43.74,169,306,167,167,32.6,2
293,NA,Fecal,True Sample,2,JI-732,1522804/1489567-4,KO,Male,High_Fat_Diet,PBS,VSG,40ul,2,1522804,10,NA,PS_2,8.31,NA,567-4,13.5,567-4 Fecal wk 10,NA,209,377,278,164,24.45,245,392,219,235,43.74,169,306,167,167,32.6,2
244,NA,Fecal,True Sample,2,JI-733,1522803/1489567-1,KO,Male,High_Fat_Diet,HDM,Sham,50ug/40ul,2,1522803,13,NA,PS_2,64.3,NA,JI-733,50.5,JI-733 Fecal wk 13,NA,195,292,319,174,24.25,210,338,386,278,34.53,204,438,306,191,31.1,2
245,NA,Fecal,True Sample,2,JI-733,1522803/1489567-1,KO,Male,High_Fat_Diet,HDM,Sham,50ug/40ul,2,1522803,0,NA,PS_2,33.7,NA,567-1,14.5,567-1 Fecal wk 0,NA,195,292,319,174,24.25,210,338,386,278,34.53,204,438,306,191,31.1,2
288,NA,Fecal,True Sample,2,JI-734,1522802/1489560-1,WT,Male,High_Fat_Diet,HDM,Sham,50ug/40ul,2,1522802,0,NA,PS_2,56.2,NA,560-1,30,560-1 Fecal wk 0,NA,191,319,290,196,21.65,135,282,400,265,39.47,225,347,338,190,35.7,2
290,NA,Fecal,True Sample,2,JI-734,1522802/1489560-1,WT,Male,High_Fat_Diet,HDM,Sham,50ug/40ul,2,1522802,13,NA,PS_2,49.8,NA,JI-734,98,JI-734 Fecal wk 13,NA,191,319,290,196,21.65,135,282,400,265,39.47,225,347,338,190,35.7,2
291,NA,Fecal,True Sample,2,JI-734,1522802/1489560-1,WT,Male,High_Fat_Diet,HDM,Sham,50ug/40ul,2,1522802,10,NA,PS_2,3.04,NA,560-1,11.5,560-1 Fecal wk 10,NA,191,319,290,196,21.65,135,282,400,265,39.47,225,347,338,190,35.7,2
246,NA,Fecal,True Sample,2,JI-735,1522791/1489595-2,KO,Female,High_Fat_Diet,HDM,Sham,50ug/40ul,2,1522791,0,NA,PS_2,125,NA,595-2,37,595-2 Fecal wk 0,NA,191,325,274,166,22.99,171,383,266,173,25.82,203,386,268,163,27.1,2
252,NA,Fecal,True Sample,2,JI-735,1522791/1489595-2,KO,Female,High_Fat_Diet,HDM,Sham,50ug/40ul,2,1522791,13,NA,PS_2,54.5,NA,JI-735,55.5,JI-735 Fecal wk 13,NA,191,325,274,166,22.99,171,383,266,173,25.82,203,386,268,163,27.1,2
280,NA,Fecal,True Sample,2,JI-735,1522791/1489595-2,KO,Female,High_Fat_Diet,HDM,Sham,50ug/40ul,2,1522791,10,NA,PS_2,17.9,NA,595-2,29,595-2 Fecal wk 10,NA,191,325,274,166,22.99,171,383,266,173,25.82,203,386,268,163,27.1,2
239,NA,Fecal,True Sample,2,JI-736,1489594-1,WT,Male,High_Fat_Diet,HDM,None,50ug/40ul,2,1489594,0,NA,PS_2,76.1,NA,594-1,45.5,594-1 Fecal wk 0,NA,182,344,314,198,21.55,245,404,292,250,36.29,234,434,244,251,39.8,1
253,NA,Fecal,True Sample,2,JI-736,1489594-1,WT,Male,High_Fat_Diet,HDM,None,50ug/40ul,2,1489594,13,NA,PS_2,11.5,NA,JI-736,23,JI-736 Fecal wk 13,NA,182,344,314,198,21.55,245,404,292,250,36.29,234,434,244,251,39.8,1
273,NA,Fecal,True Sample,2,JI-736,1489594-1,WT,Male,High_Fat_Diet,HDM,None,50ug/40ul,2,1489594,10,NA,PS_2,10.8,NA,594-1,20,594-1 Fecal wk 10,NA,182,344,314,198,21.55,245,404,292,250,36.29,234,434,244,251,39.8,1
240,NA,Fecal,True Sample,2,JI-737,1489594-2,WT,Male,High_Fat_Diet,PBS,None,40ul,2,1489594,0,NA,PS_2,32.2,NA,594-2,16,594-2 Fecal wk 0,NA,187,362,269,161,21.51,490,536,531,437,51.68,246,393,295,223,53.4,1
241,NA,Fecal,True Sample,2,JI-737,1489594-2,WT,Male,High_Fat_Diet,PBS,None,40ul,2,1489594,10,NA,PS_2,13.5,NA,594-2,18,594-2 Fecal wk 10,NA,187,362,269,161,21.51,490,536,531,437,51.68,246,393,295,223,53.4,1
242,NA,Fecal,True Sample,2,JI-737,1489594-2,WT,Male,High_Fat_Diet,PBS,None,40ul,2,1489594,13,NA,PS_2,22.7,NA,JI-737,36,JI-737 Fecal wk 13,NA,187,362,269,161,21.51,490,536,531,437,51.68,246,393,295,223,53.4,1
297,NA,Fecal,True Sample,2,JI-738,1522794/1489595-3,KO,Female,High_Fat_Diet,HDM,VSG,50ug/40ul,2,1522794,13,NA,PS_2,14.3,NA,JI-738,31.5,JI-738 Fecal wk 13,NA,190,388,301,181,21.03,198,430,325,207,27.82,NA,NA,NA,NA,26.6,2
247,NA,Fecal,True Sample,2,JI-739,1522792/1489560-4,WT,Male,High_Fat_Diet,PBS,VSG,40ul,2,1522792,10,NA,PS_2,59,NA,560-4,35,560-4 Fecal wk 10,NA,212,349,332,196,20.45,264,470,447,340,32.29,185,344,255,184,28.7,2
249,NA,Fecal,True Sample,2,JI-739,1522792/1489560-4,WT,Male,High_Fat_Diet,PBS,VSG,40ul,2,1522792,0,NA,PS_2,56.5,NA,560-4,NA,560-4 Fecal wk 0,NA,212,349,332,196,20.45,264,470,447,340,32.29,185,344,255,184,28.7,2
259,NA,Fecal,True Sample,2,JI-739,1522792/1489560-4,WT,Male,High_Fat_Diet,PBS,VSG,40ul,2,1522792,13,NA,PS_2,51.6,NA,JI-739,53.5,JI-739 Fecal wk 13,NA,212,349,332,196,20.45,264,470,447,340,32.29,185,344,255,184,28.7,2
228,NA,Fecal,True Sample,2,JI-740,1489601-1,WT,Male,Normal_Chow,HDM,None,50ug/40ul,2,1489601,13,NA,PS_2,26.6,NA,JI-740,NA,JI-740 Fecal wk 13,NA,214,333,319,168,22.92,154,305,343,231,26.91,181,330,262,192,27.3,1
231,NA,Fecal,True Sample,2,JI-740,1489601-1,WT,Male,Normal_Chow,HDM,None,50ug/40ul,2,1489601,10,NA,PS_2,67.4,NA,601-1,30,601-1 Fecal wk 10,NA,214,333,319,168,22.92,154,305,343,231,26.91,181,330,262,192,27.3,1
234,NA,Fecal,True Sample,2,JI-740,1489601-1,WT,Male,Normal_Chow,HDM,None,50ug/40ul,2,1489601,0,NA,PS_2,95.7,NA,601-1,33,601-1 Fecal wk 0,NA,214,333,319,168,22.92,154,305,343,231,26.91,181,330,262,192,27.3,1
223,NA,Fecal,True Sample,2,JI-741,1489601-2,WT,Male,Normal_Chow,HDM,None,50ug/40ul,2,1489601,10,NA,PS_2,161,NA,601-2,83,601-2 Fecal wk 10,NA,171,354,259,136,22.62,168,363,286,186,26.56,184,302,212,181,26.3,1
235,NA,Fecal,True Sample,2,JI-741,1489601-2,WT,Male,Normal_Chow,HDM,None,50ug/40ul,2,1489601,0,NA,PS_2,57.1,NA,601-2,27,601-2 Fecal wk 0,NA,171,354,259,136,22.62,168,363,286,186,26.56,184,302,212,181,26.3,1
266,NA,Fecal,True Sample,2,JI-741,1489601-2,WT,Male,Normal_Chow,HDM,None,50ug/40ul,2,1489601,13,NA,PS_2,21.6,NA,JI-741,35,JI-741 Fecal wk 13,NA,171,354,259,136,22.62,168,363,286,186,26.56,184,302,212,181,26.3,1
203,NA,Fecal,True Sample,2,JI-742,1489601-3,WT,Male,Normal_Chow,HDM,None,50ug/40ul,2,1489601,13,NA,PS_2,24.4,NA,JI-742,26.5,JI-742 Fecal wk 13,NA,175,342,317,166,22.59,177,307,230,195,25.25,174,370,265,196,26.6,1
226,NA,Fecal,True Sample,2,JI-742,1489601-3,WT,Male,Normal_Chow,HDM,None,50ug/40ul,2,1489601,10,NA,PS_2,42.9,NA,601-3,23,601-3 Fecal wk 10,NA,175,342,317,166,22.59,177,307,230,195,25.25,174,370,265,196,26.6,1
255,NA,Fecal,True Sample,2,JI-742,1489601-3,WT,Male,Normal_Chow,HDM,None,50ug/40ul,2,1489601,0,NA,PS_2,18.5,NA,601-3,10,601-3 Fecal wk 0,NA,175,342,317,166,22.59,177,307,230,195,25.25,174,370,265,196,26.6,1
202,NA,Fecal,True Sample,2,JI-743,1489601-4,WT,Male,Normal_Chow,PBS,None,40ul,2,1489601,13,NA,PS_2,45.2,NA,JI-743,43,JI-743 Fecal wk 13,NA,168,391,317,170,23.06,165,371,253,214,27.22,188,383,264,174,28,1
225,NA,Fecal,True Sample,2,JI-743,1489601-4,WT,Male,Normal_Chow,PBS,None,40ul,2,1489601,10,NA,PS_2,18.2,NA,601-4,22,601-4 Fecal wk 10,NA,168,391,317,170,23.06,165,371,253,214,27.22,188,383,264,174,28,1
201,NA,Fecal,True Sample,2,JI-744,1489601-5,WT,Male,Normal_Chow,PBS,None,40ul,2,1489601,10,NA,PS_2,15.2,NA,601-5,NA,601-5 Fecal wk 10,NA,152,354,224,148,22.36,161,347,275,178,25.63,175,291,254,192,26.8,1
211,NA,Fecal,True Sample,2,JI-744,1489601-5,WT,Male,Normal_Chow,PBS,None,40ul,2,1489601,13,NA,PS_2,104,NA,JI-744,75,JI-744 Fecal wk 13,NA,152,354,224,148,22.36,161,347,275,178,25.63,175,291,254,192,26.8,1
258,NA,Fecal,True Sample,2,JI-744,1489601-5,WT,Male,Normal_Chow,PBS,None,40ul,2,1489601,0,NA,PS_2,13.8,NA,601-5,13,601-5 Fecal wk 0,NA,152,354,224,148,22.36,161,347,275,178,25.63,175,291,254,192,26.8,1
325,NA,Fecal,True Sample,2,JI-745,1522807/1489565-2,KO,Female,High_Fat_Diet,PBS,Sham,40ul,2,1522807,13,NA,PS_2,12.3,NA,JI-745,36,JI-745 Fecal wk 13,NA,169,298,298,150,19.55,185,358,406,204,26.62,170,331,250,167,24.8,2
294,NA,Fecal,True Sample,2,JI-746,1489559-3,KO,Male,High_Fat_Diet,PBS,Sham,40ul,2,1489559,0,NA,PS_2,56.7,NA,559-3,33,595-3 Fecal wk 0,Two 595-3,NA,NA,NA,NA,NA,NA,NA,NA,NA,NA,NA,NA,NA,NA,32.4,2
321,NA,Fecal,True Sample,2,JI-746,1489559-3,KO,Male,High_Fat_Diet,PBS,Sham,40ul,2,1489595,13,NA,PS_2,73.3,NA,JI-746,62,JI-746 Fecal wk 13,NA,203,399,362,201,25.35,285,401,379,365,34.28,143,231,156,122,32.4,2
312,NA,Fecal,True Sample,2,JI-747,1489597-1,KO,Male,Normal_Chow,HDM,None,50ug/40ul,2,1489597,0,NA,PS_2,37.8,NA,597-1,10.5,597-1 Fecal wk 0,NA,145,350,336,195,22.65,161,292,273,213,24.89,174,242,226,177,25.4,1
313,NA,Fecal,True Sample,2,JI-747,1489597-1,KO,Male,Normal_Chow,HDM,None,50ug/40ul,2,1489597,10,NA,PS_2,73.2,NA,597-1,37.5,597-1 Fecal wk 10,NA,145,350,336,195,22.65,161,292,273,213,24.89,174,242,226,177,25.4,1
314,NA,Fecal,True Sample,2,JI-747,1489597-1,KO,Male,Normal_Chow,HDM,None,50ug/40ul,2,1489597,13,NA,PS_2,11.5,NA,JI-747,17,JI-747 Fecal wk 13,NA,145,350,336,195,22.65,161,292,273,213,24.89,174,242,226,177,25.4,1
301,NA,Fecal,True Sample,2,JI-748,1489597-2,KO,Male,Normal_Chow,HDM,None,50ug/40ul,2,1489597,0,NA,PS_2,51.5,NA,597-2,23,597-2 Fecal wk 0,NA,169,278,301,172,25.25,180,328,308,236,28.36,174,325,268,207,29.6,1
304,NA,Fecal,True Sample,2,JI-748,1489597-2,KO,Male,Normal_Chow,HDM,None,50ug/40ul,2,1489597,10,NA,PS_2,48,NA,597-2,23,597-2 Fecal wk 10,NA,169,278,301,172,25.25,180,328,308,236,28.36,174,325,268,207,29.6,1
305,NA,Fecal,True Sample,2,JI-748,1489597-2,KO,Male,Normal_Chow,HDM,None,50ug/40ul,2,1489597,13,NA,PS_2,102,NA,JI-748,73.5,JI-748 Fecal wk 13,NA,169,278,301,172,25.25,180,328,308,236,28.36,174,325,268,207,29.6,1
302,NA,Fecal,True Sample,2,JI-749,1489597-3,KO,Male,Normal_Chow,HDM,None,50ug/40ul,2,1489597,0,NA,PS_2,18.2,NA,597-3,14.5,597-3 Fecal wk 0,NA,200,341,268,164,20.66,187,327,311,178,24.05,164,343,231,175,24.7,1
310,NA,Fecal,True Sample,2,JI-749,1489597-3,KO,Male,Normal_Chow,HDM,None,50ug/40ul,2,1489597,10,NA,PS_2,15.7,NA,597-3,6.5,597-3 Fecal wk 10,NA,200,341,268,164,20.66,187,327,311,178,24.05,164,343,231,175,24.7,1
311,NA,Fecal,True Sample,2,JI-749,1489597-3,KO,Male,Normal_Chow,HDM,None,50ug/40ul,2,1489597,13,NA,PS_2,65.1,NA,JI-749,53.5,JI-749 Fecal wk 13,NA,200,341,268,164,20.66,187,327,311,178,24.05,164,343,231,175,24.7,1
303,NA,Fecal,True Sample,2,JI-750,1489597-4,KO,Male,Normal_Chow,PBS,None,40ul,2,1489597,0,NA,PS_2,106,NA,597-4,45,597-4 Fecal wk 0,NA,201,321,219,183,24.23,197,327,278,205,27.44,212,427,259,212,28.2,1
307,NA,Fecal,True Sample,2,JI-750,1489597-4,KO,Male,Normal_Chow,PBS,None,40ul,2,1489597,10,NA,PS_2,24.6,NA,597-4,34,597-4 Fecal wk 10,NA,201,321,219,183,24.23,197,327,278,205,27.44,212,427,259,212,28.2,1
308,NA,Fecal,True Sample,2,JI-750,1489597-4,KO,Male,Normal_Chow,PBS,None,40ul,2,1489597,13,NA,PS_2,28.6,NA,JI-750,NA,JI-750 Fecal wk 13,NA,201,321,219,183,24.23,197,327,278,205,27.44,212,427,259,212,28.2,1
281,NA,Fecal,True Sample,2,JI-751,1489597-5,KO,Male,Normal_Chow,PBS,None,40ul,2,1489597,0,NA,PS_2,7.63,NA,597-5,2,597-5 Fecal wk 0,NA,183,366,258,152,23.28,179,362,224,223,27.04,201,360,264,241,27.6,1
292,NA,Fecal,True Sample,2,JI-751,1489597-5,KO,Male,Normal_Chow,PBS,None,40ul,2,1489597,13,NA,PS_2,72.1,NA,JI-751,109,JI-751 Fecal wk 13,NA,183,366,258,152,23.28,179,362,224,223,27.04,201,360,264,241,27.6,1
282,NA,Fecal,True Sample,2,JI-752,1522799/1489559-2,KO,Male,High_Fat_Diet,HDM,VSG,50ug/40ul,2,1522799,13,NA,PS_2,27.6,NA,JI-752,55,JI-752 Fecal wk 13,NA,187,343,319,179,26.02,256,405,319,272,46.93,81,201,139,85,37.2,2
296,NA,Fecal,True Sample,2,JI-752,1522799/1489559-2,KO,Male,High_Fat_Diet,HDM,VSG,50ug/40ul,2,1522799,10,NA,PS_2,0.01,NA,559-2,11,559-2 Fecal wk 10,NA,187,343,319,179,26.02,256,405,319,272,46.93,81,201,139,85,37.2,2
316,NA,Fecal,True Sample,2,JI-752,1522799/1489559-2,KO,Male,High_Fat_Diet,HDM,VSG,50ug/40ul,2,1522799,0,NA,PS_2,72.6,NA,559-2,31.5,559-2 Fecal wk 0,NA,187,343,319,179,26.02,256,405,319,272,46.93,81,201,139,85,37.2,2
279,NA,Fecal,True Sample,2,JI-753,1522798/1489559-1,KO,Male,High_Fat_Diet,HDM,Sham,50ug/40ul,2,1522798,13,NA,PS_2,20.8,NA,JI-753,75.5,JI-753 Fecal wk 13,NA,159,280,267,186,25.24,233,422,338,254,41.11,129,267,204,135,35.3,2
306,NA,Fecal,True Sample,2,JI-753,1522798/1489559-1,KO,Male,High_Fat_Diet,HDM,Sham,50ug/40ul,2,1522798,0,NA,PS_2,35.2,NA,559-1,22,559-1 Fecal wk 0,NA,159,280,267,186,25.24,233,422,338,254,41.11,129,267,204,135,35.3,2
270,NA,Fecal,True Sample,2,JI-754,1522796/1489569-3,WT,Female,High_Fat_Diet,PBS,VSG,40ul,2,1522796,10,NA,PS_2,30.7,NA,569-3,19.5,569-3 Fecal wk 10,NA,193,386,359,224,22.84,204,376,278,216,31.42,114,154,116,106,25.5,2
272,NA,Fecal,True Sample,2,JI-754,1522796/1489569-3,WT,Female,High_Fat_Diet,PBS,VSG,40ul,2,1522796,13,NA,PS_2,46.4,NA,JI-754,60.5,JI-754 Fecal wk 13,NA,193,386,359,224,22.84,204,376,278,216,31.42,114,154,116,106,25.5,2
331,NA,Fecal,True Sample,2,JI-755,1489564-1,KO,Female,Normal_Chow,HDM,None,50ug/40ul,2,1489564,13,NA,PS_2,59.4,NA,JI-755,70,JI-755 Fecal wk 13,NA,146,329,285,142,19.98,183,326,265,183,25.31,167,324,242,199,26.1,1
334,NA,Fecal,True Sample,2,JI-755,1489564-1,KO,Female,Normal_Chow,HDM,None,50ug/40ul,2,1489564,10,NA,PS_2,61.1,NA,564-1,25,564-1 Fecal wk 10,NA,146,329,285,142,19.98,183,326,265,183,25.31,167,324,242,199,26.1,1
336,NA,Fecal,True Sample,2,JI-755,1489564-1,KO,Female,Normal_Chow,HDM,None,50ug/40ul,2,1489564,0,NA,PS_2,58.5,NA,564-1,25.5,564-1 Fecal wk 0,NA,146,329,285,142,19.98,183,326,265,183,25.31,167,324,242,199,26.1,1
298,NA,Fecal,True Sample,2,JI-756,1489564-2,KO,Female,Normal_Chow,HDM,None,50ug/40ul,2,1489564,13,NA,PS_2,20.9,NA,JI-756,3.5,JI-756 Fecal wk 13,NA,149,273,229,131,20.69,171,339,278,163,24.19,172,369,292,158,25.6,1
327,NA,Fecal,True Sample,2,JI-756,1489564-2,KO,Female,Normal_Chow,HDM,None,50ug/40ul,2,1489564,10,NA,PS_2,43.9,NA,564-2,14.5,564-2 Fecal wk 10,NA,149,273,229,131,20.69,171,339,278,163,24.19,172,369,292,158,25.6,1
335,NA,Fecal,True Sample,2,JI-756,1489564-2,KO,Female,Normal_Chow,HDM,None,50ug/40ul,2,1489564,0,NA,PS_2,24.1,NA,564-2,2.5,564-2 Fecal wk 0,NA,149,273,229,131,20.69,171,339,278,163,24.19,172,369,292,158,25.6,1
295,NA,Fecal,True Sample,2,JI-757,1489564-3,KO,Female,Normal_Chow,PBS,None,40ul,2,1489564,13,NA,PS_2,38.4,NA,JI-757,58,JI-757 Fecal wk 13,NA,141,315,216,152,20.04,156,337,234,171,23.38,188,256,219,249,23.9,1
317,NA,Fecal,True Sample,2,JI-757,1489564-3,KO,Female,Normal_Chow,PBS,None,40ul,2,1489564,10,NA,PS_2,30.4,NA,564-3,39,564-3 Fecal wk 10,NA,141,315,216,152,20.04,156,337,234,171,23.38,188,256,219,249,23.9,1
333,NA,Fecal,True Sample,2,JI-757,1489564-3,KO,Female,Normal_Chow,PBS,None,40ul,2,1489564,0,NA,PS_2,35.2,NA,564-3,39,564-3 Fecal wk 0,NA,141,315,216,152,20.04,156,337,234,171,23.38,188,256,219,249,23.9,1
309,NA,Fecal,True Sample,2,JI-758,1489564-4,KO,Female,Normal_Chow,PBS,None,40ul,2,1489564,13,NA,PS_2,14.4,NA,JI-758,23,JI-758 Fecal wk 13,NA,151,333,222,136,18.96,173,332,270,194,23.72,187,355,229,175,24.7,1
315,NA,Fecal,True Sample,2,JI-758,1489564-4,KO,Female,Normal_Chow,PBS,None,40ul,2,1489564,10,NA,PS_2,34,NA,564-4,34,564-4 Fecal wk 10,NA,151,333,222,136,18.96,173,332,270,194,23.72,187,355,229,175,24.7,1
330,NA,Fecal,True Sample,2,JI-758,1489564-4,KO,Female,Normal_Chow,PBS,None,40ul,2,1489564,0,NA,PS_2,26.8,NA,564-4,10,564-4 Fecal wk 0,NA,151,333,222,136,18.96,173,332,270,194,23.72,187,355,229,175,24.7,1
214,NA,Fecal,True Sample,2,JI-759,1522806/1489569-2,WT,Female,High_Fat_Diet,PBS,Sham,40ul,2,1522806,13,NA,PS_2,94,NA,JI-759,79,JI-759 Fecal wk 13,NA,170,291,198,152,20.6,216,405,301,202,28.24,116,179,121,117,29.3,2
219,NA,Fecal,True Sample,2,JI-759,1522806/1489569-2,WT,Female,High_Fat_Diet,PBS,Sham,40ul,2,1522806,10,NA,PS_2,87.9,NA,569-2,60,569-2 Fecal wk 10,NA,170,291,198,152,20.6,216,405,301,202,28.24,116,179,121,117,29.3,2
271,NA,Fecal,True Sample,2,JI-759,1522806/1489569-2,WT,Female,High_Fat_Diet,PBS,Sham,40ul,2,1522806,0,NA,PS_2,38.4,NA,569-2,20,569-2 Fecal wk 0,NA,170,291,198,152,20.6,216,405,301,202,28.24,116,179,121,117,29.3,2
209,NA,Fecal,True Sample,2,JI-760,1489602-1,WT,Female,High_Fat_Diet,HDM,None,50ug/40ul,2,1489602,13,NA,PS_2,3.87,NA,JI-760,15.5,JI-760 Fecal wk 13,NA,159,258,273,160,21.22,208,381,447,264,30.4,198,417,296,235,32.4,1
216,NA,Fecal,True Sample,2,JI-760,1489602-1,WT,Female,High_Fat_Diet,HDM,None,50ug/40ul,2,1489602,0,NA,PS_2,73.5,NA,602-1,39,602-1 Fecal wk 0,NA,159,258,273,160,21.22,208,381,447,264,30.4,198,417,296,235,32.4,1
218,NA,Fecal,True Sample,2,JI-761,1489602-2,WT,Female,High_Fat_Diet,PBS,None,40ul,2,1489602,13,NA,PS_2,17.8,NA,JI-761,49,JI-761 Fecal wk 13,NA,166,291,234,141,19.71,191,431,427,266,24.48,240,342,374,211,27.3,1
221,NA,Fecal,True Sample,2,JI-761,1489602-2,WT,Female,High_Fat_Diet,PBS,None,40ul,2,1489602,0,NA,PS_2,40.9,NA,602-2,25.5,602-2 Fecal wk 0,NA,166,291,234,141,19.71,191,431,427,266,24.48,240,342,374,211,27.3,1
224,NA,Fecal,True Sample,2,JI-761,1489602-2,WT,Female,High_Fat_Diet,PBS,None,40ul,2,1489602,10,NA,PS_2,51,NA,602-2,36.5,602-2 Fecal wk 10,NA,166,291,234,141,19.71,191,431,427,266,24.48,240,342,374,211,27.3,1
230,NA,Fecal,True Sample,2,JI-762,1489569-1,WT,Female,High_Fat_Diet,HDM,Sham,50ug/40ul,2,1489569,13,NA,PS_2,32.6,NA,JI-762,55,JI-762 Fecal wk 13,NA,155,282,261,146,19.5,117,195,210,163,32.94,139,194,170,159,27.1,2
263,NA,Fecal,True Sample,2,JI-762,1489569-1,WT,Female,High_Fat_Diet,HDM,Sham,50ug/40ul,2,1489569,0,NA,PS_2,12.4,NA,569-1,12,569-1 Fecal wk 0,NA,155,282,261,146,19.5,117,195,210,163,32.94,139,194,170,159,27.1,2
268,NA,Fecal,True Sample,2,JI-762,1489569-1,WT,Female,High_Fat_Diet,HDM,Sham,50ug/40ul,2,1489569,10,NA,PS_2,40.9,NA,569-1,26,569-1 Fecal wk 10,NA,155,282,261,146,19.5,117,195,210,163,32.94,139,194,170,159,27.1,2
284,NA,Fecal,True Sample,2,JI-763,1489565-1,KO,Female,High_Fat_Diet,HDM,None,50ug/40ul,2,1489565,0,NA,PS_2,28.5,NA,565-1,7.5,565-1 Fecal wk 0,NA,158,345,299,151,19.73,208,455,502,266,32.81,193,354,242,220,30.8,1
286,NA,Fecal,True Sample,2,JI-763,1489565-1,KO,Female,High_Fat_Diet,HDM,None,50ug/40ul,2,1489565,10,NA,PS_2,8.51,NA,565-1,12.5,565-1 Fecal wk 10,NA,158,345,299,151,19.73,208,455,502,266,32.81,193,354,242,220,30.8,1
322,NA,Fecal,True Sample,2,JI-763,1489565-1,KO,Female,High_Fat_Diet,HDM,None,50ug/40ul,2,1489565,13,NA,PS_2,49.4,NA,JI-763,94.5,JI-763 Fecal wk 13,NA,158,345,299,151,19.73,208,455,502,266,32.81,193,354,242,220,30.8,1
326,NA,Fecal,True Sample,2,JI-764,1489565-4,KO,Female,High_Fat_Diet,PBS,None,40ul,2,1489565,10,NA,PS_2,49.8,NA,565-4,5.5,565-4 Fecal wk 10,NA,168,316,241,152,20.72,275,400,453,240,33.61,196,352,225,208,36.8,1
328,NA,Fecal,True Sample,2,JI-764,1489565-4,KO,Female,High_Fat_Diet,PBS,None,40ul,2,1489565,13,NA,PS_2,16.5,NA,JI-764,47.5,JI-764 Fecal wk 13,NA,168,316,241,152,20.72,275,400,453,240,33.61,196,352,225,208,36.8,1
320,NA,Fecal,True Sample,2,JI-765,1489565-5,KO,Female,High_Fat_Diet,PBS,None,40ul,2,1489565,13,NA,PS_2,61.4,NA,JI-765,66,JI-765 Fecal wk 13,NA,206,359,315,182,19.83,269,474,441,359,31.68,201,412,247,214,34.1,1
324,NA,Fecal,True Sample,2,JI-765,1489565-5,KO,Female,High_Fat_Diet,PBS,None,40ul,2,1489565,0,NA,PS_2,87,NA,565-5,31.5,565-5 Fecal wk  0,NA,206,359,315,182,19.83,269,474,441,359,31.68,201,412,247,214,34.1,1
Kit-blank-1,NA,Lung Tissue,Neg Control,2,Kit_blank,NA,NA,NA,NA,NA,NA,NA,NA,NA,NA,12,BT_1,2.04,NA,NA,NA,NA,NA,NA,NA,NA,NA,NA,NA,NA,NA,NA,NA,NA,NA,NA,NA,NA,Control
Kit-blank-2,NA,Lung Tissue,Neg Control,1,Kit_blank,NA,NA,NA,NA,NA,NA,NA,NA,NA,NA,26,BT_1,1.06,NA,NA,NA,NA,NA,NA,NA,NA,NA,NA,NA,NA,NA,NA,NA,NA,NA,NA,NA,NA,Control
Kit-blank-3,NA,Lung Tissue,Neg Control,2,Kit_blank,NA,NA,NA,NA,NA,NA,NA,NA,NA,NA,48,BT_1,0.01,NA,NA,NA,NA,NA,NA,NA,NA,NA,NA,NA,NA,NA,NA,NA,NA,NA,NA,NA,NA,Control
Kit-blank-4,NA,Lung Tissue,Neg Control,2,Kit_blank,NA,NA,NA,NA,NA,NA,NA,NA,NA,NA,58,BT_2,0.01,NA,NA,NA,NA,NA,NA,NA,NA,NA,NA,NA,NA,NA,NA,NA,NA,NA,NA,NA,NA,Control
236,NA,Fecal,Neg Control,2,NA,NA,NA,NA,NA,NA,NA,NA,NA,NA,NA,NA,PS_2,2.72,NA,NA,NA,Kit_blank_7,NA,NA,NA,NA,NA,NA,NA,NA,NA,NA,NA,NA,NA,NA,NA,NA,Control
237,NA,Fecal,Neg Control,2,NA,NA,NA,NA,NA,NA,NA,NA,NA,NA,NA,NA,PS_2,1.23,NA,NA,NA,EB_Blank_1,NA,NA,NA,NA,NA,NA,NA,NA,NA,NA,NA,NA,NA,NA,NA,NA,Control
238,NA,Fecal,Neg Control,2,NA,NA,NA,NA,NA,NA,NA,NA,NA,NA,NA,NA,PS_2,1.37,NA,NA,NA,EB_Blank_2,NA,NA,NA,NA,NA,NA,NA,NA,NA,NA,NA,NA,NA,NA,NA,NA,Control
274,NA,Fecal,Neg Control,2,NA,NA,NA,NA,NA,NA,NA,NA,NA,NA,NA,NA,PS_2,0.01,Kit_blank_8,NA,NA,Kit_blank_8,NA,NA,NA,NA,NA,NA,NA,NA,NA,NA,NA,NA,NA,NA,NA,NA,Control
275,NA,Fecal,Neg Control,2,NA,NA,NA,NA,NA,NA,NA,NA,NA,NA,NA,NA,PS_2,0.01,Kit_blank_9,NA,NA,Kit_blank_9,NA,NA,NA,NA,NA,NA,NA,NA,NA,NA,NA,NA,NA,NA,NA,NA,Control
276,NA,Fecal,Neg Control,2,NA,NA,NA,NA,NA,NA,NA,NA,NA,NA,NA,NA,PS_2,0.01,EB_Blank_7,NA,NA,EB_Blank_7,NA,NA,NA,NA,NA,NA,NA,NA,NA,NA,NA,NA,NA,NA,NA,NA,Control
277,NA,Fecal,Neg Control,2,NA,NA,NA,NA,NA,NA,NA,NA,NA,NA,NA,NA,PS_2,0.01,EB_Blank_8,NA,NA,EB_Blank_8,NA,NA,NA,NA,NA,NA,NA,NA,NA,NA,NA,NA,NA,NA,NA,NA,Control
299,NA,Fecal,Neg Control,2,NA,NA,NA,NA,NA,NA,NA,NA,NA,NA,NA,NA,PS_2,0.01,Kit_blank_10,NA,NA,Kit_blank_10,NA,NA,NA,NA,NA,NA,NA,NA,NA,NA,NA,NA,NA,NA,NA,NA,Control
300,NA,Fecal,Neg Control,2,NA,NA,NA,NA,NA,NA,NA,NA,NA,NA,NA,NA,PS_2,0.01,EB_Blank_9,NA,NA,EB_Blank_9,NA,NA,NA,NA,NA,NA,NA,NA,NA,NA,NA,NA,NA,NA,NA,NA,Control
318,NA,Fecal,Neg Control,2,NA,NA,NA,NA,NA,NA,NA,NA,NA,NA,NA,NA,PS_2,0.01,Kit_blank_11,NA,NA,Kit_blank_11,NA,NA,NA,NA,NA,NA,NA,NA,NA,NA,NA,NA,NA,NA,NA,NA,Control
319,NA,Fecal,Neg Control,2,NA,NA,NA,NA,NA,NA,NA,NA,NA,NA,NA,NA,PS_2,0.01,EB_blank_10,NA,NA,EB_blank_10,NA,NA,NA,NA,NA,NA,NA,NA,NA,NA,NA,NA,NA,NA,NA,NA,Control
337,NA,Fecal,Neg Control,2,NA,NA,NA,NA,NA,NA,NA,NA,NA,NA,NA,NA,PS_2,0.01,Kit_blank_12,NA,NA,Kit_blank_12,NA,NA,NA,NA,NA,NA,NA,NA,NA,NA,NA,NA,NA,NA,NA,NA,Control
338,NA,Fecal,Neg Control,2,NA,NA,NA,NA,NA,NA,NA,NA,NA,NA,NA,NA,PS_2,0.01,EB_blank_11,NA,NA,EB_blank_11,NA,NA,NA,NA,NA,NA,NA,NA,NA,NA,NA,NA,NA,NA,NA,NA,Control
PCR-neg1-eva,NA,Lung Tissue,Neg Control,1,PCR_neg_DMC,NA,NA,NA,NA,NA,NA,NA,NA,NA,NA,NA,NA,0.23,NA,NA,NA,NA,NA,NA,NA,NA,NA,NA,NA,NA,NA,NA,NA,NA,NA,NA,NA,NA,Control
pcr-neg,NA,Lung Tissue,Neg Control,2,PCR_neg_DMC,NA,NA,NA,NA,NA,NA,NA,NA,NA,NA,NA,NA,NA,NA,NA,NA,NA,NA,NA,NA,NA,NA,NA,NA,NA,NA,NA,NA,NA,NA,NA,NA,NA,Control
Saline-blank-1,NA,Lung Tissue,Neg Control,2,Saline_blank,NA,NA,NA,NA,NA,NA,NA,NA,NA,NA,11,BT_1,1.99,NA,NA,NA,NA,NA,NA,NA,NA,NA,NA,NA,NA,NA,NA,NA,NA,NA,NA,NA,NA,Control
Saline-blank-3,NA,Lung Tissue,Neg Control,1,Saline_blank,NA,NA,NA,NA,NA,NA,NA,NA,NA,NA,25,BT_1,0.01,NA,NA,NA,NA,NA,NA,NA,NA,NA,NA,NA,NA,NA,NA,NA,NA,NA,NA,NA,NA,Control
Saline-blank-2,NA,Lung Tissue,Neg Control,2,Saline_blank,NA,NA,NA,NA,NA,NA,NA,NA,NA,NA,47,BT_1,0.01,NA,NA,NA,NA,NA,NA,NA,NA,NA,NA,NA,NA,NA,NA,NA,NA,NA,NA,NA,NA,Control
Saline-blank-4,NA,Lung Tissue,Neg Control,2,Saline_blank,NA,NA,NA,NA,NA,NA,NA,NA,NA,NA,57,BT_2,0.01,NA,NA,NA,NA,NA,NA,NA,NA,NA,NA,NA,NA,NA,NA,NA,NA,NA,NA,NA,NA,Control
zymo-eva,NA,Lung Tissue,Pos Control,1,zymo_DMC_Pos,NA,NA,NA,NA,NA,NA,NA,NA,NA,NA,NA,NA,NA,NA,NA,NA,NA,NA,NA,NA,NA,NA,NA,NA,NA,NA,NA,NA,NA,NA,NA,NA,NA,Control
zymo,NA,Lung Tissue,Pos Control,2,zymo_DMC_Pos,NA,NA,NA,NA,NA,NA,NA,NA,NA,NA,NA,NA,NA,NA,NA,NA,NA,NA,NA,NA,NA,NA,NA,NA,NA,NA,NA,NA,NA,NA,NA,NA,NA,Control
