Health_metric,Taxon,cor,statistic,p,method,n_mouse,n_feces,Week,Metric_Type,p.adj,p.adj.signif,p.adj.print,Taxonomic_Rank
Baseline glucose,Actinobacteriota,-0.37,189808.511594185,2.29e-4,Spearman,58,95,"0, 10, 12 (aggregated)",Glucose tolerance testing,0.0011098828125,**,1.1e-03,Phylum
Body Weight,Actinobacteriota,-0.36,1210750.1550768286,1.38e-6,Spearman,90,178,"0, 10, 13 (aggregated)",Weight,1.8057446808510638e-5,****,1.8e-05,Phylum
Glucose AUC,Actinobacteriota,-0.5,207780.25286058767,2.68e-7,Spearman,58,95,"0, 10, 12 (aggregated)",Glucose tolerance testing,4.994545454545455e-6,****,5.0e-06,Phylum
Glucose max. peak,Actinobacteriota,-0.51,208925.89639919598,1.58e-7,Spearman,58,95,"0, 10, 12 (aggregated)",Glucose tolerance testing,3.7373076923076925e-6,****,3.7e-06,Phylum
Serum GLP-1,Actinobacteriota,0.41,5420,0.0118,Spearman,38,38,13,Serum proteins,0.03155217391304348,*,3.2e-02,Phylum
Serum leptin,Actinobacteriota,-0.46,13332,0.00411,Spearman,38,38,13,Serum proteins,0.013128497409326426,*,1.3e-02,Phylum
Baseline glucose,Proteobacteria,-0.43,198330.58434695902,1.32e-5,Spearman,58,95,"0, 10, 12 (aggregated)",Glucose tolerance testing,1.0022222222222222e-4,***,1.0e-04,Phylum
Body Weight,Proteobacteria,-0.4,1246463.1342465137,6.06e-8,Spearman,90,178,"0, 10, 13 (aggregated)",Weight,2.3761363636363634e-6,****,2.4e-06,Phylum
Glucose AUC,Proteobacteria,-0.49,206654.69757087392,4.46e-7,Spearman,58,95,"0, 10, 12 (aggregated)",Glucose tolerance testing,7.2828947368421055e-6,****,7.3e-06,Phylum
Glucose max. peak,Proteobacteria,-0.52,210217.6345599014,8.5e-8,Spearman,58,95,"0, 10, 12 (aggregated)",Glucose tolerance testing,2.3761363636363634e-6,****,2.4e-06,Phylum
Serum GLP-1,Proteobacteria,0.51,4507.122046087259,0.00117,Spearman,38,38,13,Serum proteins,0.004642258064516129,**,4.6e-03,Phylum
Serum PYY,Proteobacteria,0.41,5357.752455533921,0.00982,Spearman,38,38,13,Serum proteins,0.026841333333333335,*,2.7e-02,Phylum
Serum ghrelin,Proteobacteria,0.65,3232.6793124993274,1.17e-5,Spearman,38,38,13,Serum proteins,9.676e-5,****,9.7e-05,Phylum
Serum leptin,Proteobacteria,-0.6,14648.560213836507,6.19e-5,Spearman,38,38,13,Serum proteins,3.4295945945945946e-4,***,3.4e-04,Phylum
Baseline glucose,Verrucomicrobiota,-0.32,182039.8720517267,0.00197,Spearman,58,95,"0, 10, 12 (aggregated)",Glucose tolerance testing,0.006844915254237288,**,6.8e-03,Phylum
Body Weight,Verrucomicrobiota,-0.34,1198007.1189526431,3.81e-6,Spearman,90,178,"0, 10, 13 (aggregated)",Weight,3.8412295081967213e-5,****,3.8e-05,Phylum
Glucose AUC,Verrucomicrobiota,-0.28,176892.8081142186,0.00667,Spearman,58,95,"0, 10, 12 (aggregated)",Glucose tolerance testing,0.019440995260663504,*,1.9e-02,Phylum
Glucose max. peak,Verrucomicrobiota,-0.29,178109.93632518768,0.00507,Spearman,58,95,"0, 10, 12 (aggregated)",Glucose tolerance testing,0.01551268656716418,*,1.6e-02,Phylum
Serum GLP-1,Verrucomicrobiota,0.42,5274.884982694963,0.00818,Spearman,38,38,13,Serum proteins,0.02297123287671233,*,2.3e-02,Phylum
Serum ghrelin,Verrucomicrobiota,0.39,5589.507594766327,0.016,Spearman,38,38,13,Serum proteins,0.04066115702479339,*,4.1e-02,Phylum
Baseline glucose,Actinobacteria,-0.33,183903.15693990773,0.00122,Spearman,58,95,"0, 10, 12 (aggregated)",Glucose tolerance testing,0.00474873417721519,**,4.7e-03,Class
Body Weight,Actinobacteria,-0.37,1220350.8456262038,6.2e-7,Spearman,90,178,"0, 10, 13 (aggregated)",Weight,9.5325e-6,****,9.5e-06,Class
Glucose AUC,Actinobacteria,-0.44,199498.28739687262,8.5e-6,Spearman,58,95,"0, 10, 12 (aggregated)",Glucose tolerance testing,7.920454545454546e-5,****,7.9e-05,Class
Glucose max. peak,Actinobacteria,-0.48,204278.29911849505,1.25e-6,Spearman,58,95,"0, 10, 12 (aggregated)",Glucose tolerance testing,1.671195652173913e-5,****,1.7e-05,Class
Serum GLP-1,Actinobacteria,0.53,4267.252401954576,5.69e-4,Spearman,38,38,13,Serum proteins,0.002499535714285714,**,2.5e-03,Class
Serum ghrelin,Actinobacteria,0.49,4630.00894381885,0.00165,Spearman,38,38,13,Serum proteins,0.005865606936416185,**,5.9e-03,Class
Serum leptin,Actinobacteria,-0.49,13659.424643460537,0.0016,Spearman,38,38,13,Serum proteins,0.005754385964912281,**,5.8e-03,Class
Baseline glucose,Coriobacteriia,-0.37,190163.59112818397,2.06e-4,Spearman,58,95,"0, 10, 12 (aggregated)",Glucose tolerance testing,0.0010216935483870968,**,1.0e-03,Class
Body Weight,Coriobacteriia,-0.19,1062193.743427194,0.0122,Spearman,90,178,"0, 10, 13 (aggregated)",Weight,0.03206410256410257,*,3.2e-02,Class
Glucose AUC,Coriobacteriia,-0.5,208151.2595616326,2.26e-7,Spearman,58,95,"0, 10, 12 (aggregated)",Glucose tolerance testing,4.5740625e-6,****,4.6e-06,Class
Glucose max. peak,Coriobacteriia,-0.41,195386.38013106107,3.77e-5,Spearman,58,95,"0, 10, 12 (aggregated)",Glucose tolerance testing,2.348181818181818e-4,***,2.3e-04,Class
Baseline glucose,Gammaproteobacteria,-0.43,198330.58434695902,1.32e-5,Spearman,58,95,"0, 10, 12 (aggregated)",Glucose tolerance testing,1.0022222222222222e-4,***,1.0e-04,Class
Body Weight,Gammaproteobacteria,-0.4,1246745.2677282228,5.9e-8,Spearman,90,178,"0, 10, 13 (aggregated)",Weight,2.3761363636363634e-6,****,2.4e-06,Class
Glucose AUC,Gammaproteobacteria,-0.49,206654.69757087392,4.46e-7,Spearman,58,95,"0, 10, 12 (aggregated)",Glucose tolerance testing,7.2828947368421055e-6,****,7.3e-06,Class
Glucose max. peak,Gammaproteobacteria,-0.52,210217.6345599014,8.5e-8,Spearman,58,95,"0, 10, 12 (aggregated)",Glucose tolerance testing,2.3761363636363634e-6,****,2.4e-06,Class
Serum GLP-1,Gammaproteobacteria,0.5,4529.164294624157,0.00124,Spearman,38,38,13,Serum proteins,0.004774844720496895,**,4.8e-03,Class
Serum PYY,Gammaproteobacteria,0.42,5333.706366220942,0.00932,Spearman,38,38,13,Serum proteins,0.025588392857142858,*,2.6e-02,Class
Serum ghrelin,Gammaproteobacteria,0.65,3234.6831532754095,1.18e-5,Spearman,38,38,13,Serum proteins,9.676e-5,****,9.7e-05,Class
Serum leptin,Gammaproteobacteria,-0.6,14650.564054612587,6.14e-5,Spearman,38,38,13,Serum proteins,3.4295945945945946e-4,***,3.4e-04,Class
Baseline glucose,Verrucomicrobiae,-0.32,182039.8720517267,0.00197,Spearman,58,95,"0, 10, 12 (aggregated)",Glucose tolerance testing,0.006844915254237288,**,6.8e-03,Class
Body Weight,Verrucomicrobiae,-0.34,1198007.1189526431,3.81e-6,Spearman,90,178,"0, 10, 13 (aggregated)",Weight,3.8412295081967213e-5,****,3.8e-05,Class
Glucose AUC,Verrucomicrobiae,-0.28,176892.8081142186,0.00667,Spearman,58,95,"0, 10, 12 (aggregated)",Glucose tolerance testing,0.019440995260663504,*,1.9e-02,Class
Glucose max. peak,Verrucomicrobiae,-0.29,178109.93632518768,0.00507,Spearman,58,95,"0, 10, 12 (aggregated)",Glucose tolerance testing,0.01551268656716418,*,1.6e-02,Class
Serum GLP-1,Verrucomicrobiae,0.42,5274.884982694963,0.00818,Spearman,38,38,13,Serum proteins,0.02297123287671233,*,2.3e-02,Class
Serum ghrelin,Verrucomicrobiae,0.39,5589.507594766327,0.016,Spearman,38,38,13,Serum proteins,0.04066115702479339,*,4.1e-02,Class
Baseline glucose,Bifidobacteriales,-0.33,183956.19726732644,0.0012,Spearman,58,95,"0, 10, 12 (aggregated)",Glucose tolerance testing,0.004700636942675159,**,4.7e-03,Order
Body Weight,Bifidobacteriales,-0.38,1235997.1776551453,1.58e-7,Spearman,90,178,"0, 10, 13 (aggregated)",Weight,3.7373076923076925e-6,****,3.7e-06,Order
Glucose AUC,Bifidobacteriales,-0.44,199136.8298410145,9.75e-6,Spearman,58,95,"0, 10, 12 (aggregated)",Glucose tolerance testing,8.770434782608696e-5,****,8.8e-05,Order
Glucose max. peak,Bifidobacteriales,-0.47,203897.5896864639,1.47e-6,Spearman,58,95,"0, 10, 12 (aggregated)",Glucose tolerance testing,1.8834375e-5,****,1.9e-05,Order
Serum GLP-1,Bifidobacteriales,0.52,4388.076274885014,8.23e-4,Spearman,38,38,13,Serum proteins,0.0033969463087248322,**,3.4e-03,Order
Serum ghrelin,Bifidobacteriales,0.43,5165.442467663178,0.00637,Spearman,38,38,13,Serum proteins,0.01874425837320574,*,1.9e-02,Order
Serum leptin,Bifidobacteriales,-0.53,13952.324548752962,6.81e-4,Spearman,38,38,13,Serum proteins,0.0029084374999999996,**,2.9e-03,Order
Baseline glucose,Burkholderiales,-0.44,198847.75974273297,1.09e-5,Spearman,58,95,"0, 10, 12 (aggregated)",Glucose tolerance testing,9.182876712328768e-5,****,9.2e-05,Order
Body Weight,Burkholderiales,-0.39,1242828.4566049192,8.49e-8,Spearman,90,178,"0, 10, 13 (aggregated)",Weight,2.3761363636363634e-6,****,2.4e-06,Order
Glucose AUC,Burkholderiales,-0.49,206909.09396227347,3.98e-7,Spearman,58,95,"0, 10, 12 (aggregated)",Glucose tolerance testing,6.993428571428572e-6,****,7.0e-06,Order
Glucose max. peak,Burkholderiales,-0.52,210763.73749903942,6.51e-8,Spearman,58,95,"0, 10, 12 (aggregated)",Glucose tolerance testing,2.3761363636363634e-6,****,2.4e-06,Order
Serum GLP-1,Burkholderiales,0.5,4561.225747041463,0.00136,Spearman,38,38,13,Serum proteins,0.005008383233532934,**,5.0e-03,Order
Serum PYY,Burkholderiales,0.4,5520.063558396534,0.0139,Spearman,38,38,13,Serum proteins,0.035918067226890754,*,3.6e-02,Order
Serum ghrelin,Burkholderiales,0.63,3360.9251221685536,2.06e-5,Spearman,38,38,13,Serum proteins,1.4234831460674155e-4,***,1.4e-04,Order
Serum leptin,Burkholderiales,-0.61,14686.633188582056,5.33e-5,Spearman,38,38,13,Serum proteins,3.0924056603773585e-4,***,3.1e-04,Order
Body Weight,Clostridia UCG-014,-0.2,1074183.6341085962,0.00716,Spearman,90,178,"0, 10, 13 (aggregated)",Weight,0.02067323943661972,*,2.1e-02,Order
Serum leptin,Clostridia UCG-014,-0.42,12985.33567372629,0.00851,Spearman,38,38,13,Serum proteins,0.023681674208144796,*,2.4e-02,Order
Baseline glucose,Coriobacteriales,-0.38,190327.6278706511,1.96e-4,Spearman,58,95,"0, 10, 12 (aggregated)",Glucose tolerance testing,9.88032786885246e-4,***,9.9e-04,Order
Body Weight,Coriobacteriales,-0.19,1062519.7487195309,0.012,Spearman,90,178,"0, 10, 13 (aggregated)",Weight,0.03194805194805195,*,3.2e-02,Order
Glucose AUC,Coriobacteriales,-0.5,208303.26230707412,2.11e-7,Spearman,58,95,"0, 10, 12 (aggregated)",Glucose tolerance testing,4.4746551724137935e-6,****,4.5e-06,Order
Glucose max. peak,Coriobacteriales,-0.41,195489.39166715337,3.63e-5,Spearman,58,95,"0, 10, 12 (aggregated)",Glucose tolerance testing,2.3014948453608248e-4,***,2.3e-04,Order
Body Weight,Oscillospirales,0.35,584933.9956411272,2.91e-6,Spearman,90,178,"0, 10, 13 (aggregated)",Weight,3.0856034482758626e-5,****,3.1e-05,Order
Glucose AUC,Oscillospirales,0.41,81056.96401123455,3.29e-5,Spearman,58,95,"0, 10, 12 (aggregated)",Glucose tolerance testing,2.1525e-4,***,2.2e-04,Order
Glucose max. peak,Oscillospirales,0.4,82893.78227023866,6.16e-5,Spearman,58,95,"0, 10, 12 (aggregated)",Glucose tolerance testing,3.4295945945945946e-4,***,3.4e-04,Order
Serum GLP-1,Oscillospirales,-0.4,12785.999999999998,0.0136,Spearman,38,38,13,Serum proteins,0.03559148936170213,*,3.6e-02,Order
Serum ghrelin,Oscillospirales,-0.49,13620,0.00201,Spearman,38,38,13,Serum proteins,0.006944662921348314,**,6.9e-03,Order
Serum leptin,Oscillospirales,0.54,4182.000000000001,5.31e-4,Spearman,38,38,13,Serum proteins,0.002379782608695652,**,2.4e-03,Order
Glucose AUC,Peptostreptococcales-Tissierellales,0.26,102767.88735384431,0.0122,Spearman,58,95,"0, 10, 12 (aggregated)",Glucose tolerance testing,0.03206410256410257,*,3.2e-02,Order
Glucose max. peak,Peptostreptococcales-Tissierellales,0.28,100222.7243399693,0.00711,Spearman,58,95,"0, 10, 12 (aggregated)",Glucose tolerance testing,0.02062570754716981,*,2.1e-02,Order
Baseline glucose,Atopobiaceae,-0.38,191649.9523627453,1.3e-4,Spearman,58,95,"0, 10, 12 (aggregated)",Glucose tolerance testing,6.833333333333333e-4,***,6.8e-04,Family
Body Weight,Atopobiaceae,-0.32,1176357.1135634568,1.92e-5,Spearman,90,178,"0, 10, 13 (aggregated)",Weight,1.3572413793103448e-4,***,1.4e-04,Family
Glucose AUC,Atopobiaceae,-0.47,203345.60379123667,1.85e-6,Spearman,58,95,"0, 10, 12 (aggregated)",Glucose tolerance testing,2.2308823529411765e-5,****,2.2e-05,Family
Glucose max. peak,Atopobiaceae,-0.37,190291.0578970534,1.98e-4,Spearman,58,95,"0, 10, 12 (aggregated)",Glucose tolerance testing,9.9e-4,***,9.9e-04,Family
Serum GLP-1,Atopobiaceae,0.51,4516.1258868814175,0.0012,Spearman,38,38,13,Serum proteins,0.004700636942675159,**,4.7e-03,Family
Serum ghrelin,Atopobiaceae,0.45,5040.443826033959,0.00474,Spearman,38,38,13,Serum proteins,0.014872959183673472,*,1.5e-02,Family
Serum leptin,Atopobiaceae,-0.53,14024.033082694854,5.46e-4,Spearman,38,38,13,Serum proteins,0.0024157553956834533,**,2.4e-03,Family
Baseline glucose,Bifidobacteriaceae,-0.33,183727.8726923837,0.00128,Spearman,58,95,"0, 10, 12 (aggregated)",Glucose tolerance testing,0.004829447852760737,**,4.8e-03,Family
Body Weight,Bifidobacteriaceae,-0.38,1234678.3127653613,1.78e-7,Spearman,90,178,"0, 10, 13 (aggregated)",Weight,4.0544444444444445e-6,****,4.1e-06,Family
Glucose AUC,Bifidobacteriaceae,-0.43,198516.35736557632,1.23e-5,Spearman,58,95,"0, 10, 12 (aggregated)",Glucose tolerance testing,9.824025974025974e-5,****,9.8e-05,Family
Glucose max. peak,Bifidobacteriaceae,-0.47,203692.42230363423,1.6e-6,Spearman,58,95,"0, 10, 12 (aggregated)",Glucose tolerance testing,2.0081632653061225e-5,****,2.0e-05,Family
Serum GLP-1,Bifidobacteriaceae,0.52,4385.960992727794,8.17e-4,Spearman,38,38,13,Serum proteins,0.003394966216216216,**,3.4e-03,Family
Serum ghrelin,Bifidobacteriaceae,0.44,5131.597953147667,0.00589,Spearman,38,38,13,Serum proteins,0.017584223300970873,*,1.8e-02,Family
Serum leptin,Bifidobacteriaceae,-0.53,13967.131523853495,6.51e-4,Spearman,38,38,13,Serum proteins,0.002799755244755245,**,2.8e-03,Family
Body Weight,Enterococcaceae,0.35,583662.9742791294,2.63e-6,Spearman,90,178,"0, 10, 13 (aggregated)",Weight,2.9952777777777778e-5,****,3.0e-05,Family
Glucose max. peak,Enterococcaceae,0.26,102475.54700117801,0.0115,Spearman,58,95,"0, 10, 12 (aggregated)",Glucose tolerance testing,0.03101973684210526,*,3.1e-02,Family
Serum GLP-1,Enterococcaceae,-0.52,13877.380123118544,8.54e-4,Spearman,38,38,13,Serum proteins,0.0035014,**,3.5e-03,Family
Serum PYY,Enterococcaceae,-0.43,13035.181391558062,0.00761,Spearman,38,38,13,Serum proteins,0.02176813953488372,*,2.2e-02,Family
Serum ghrelin,Enterococcaceae,-0.48,13539.28592078537,0.00221,Spearman,38,38,13,Serum proteins,0.007593016759776537,**,7.6e-03,Family
Serum leptin,Enterococcaceae,0.59,3746.701150213096,9.67e-5,Spearman,38,38,13,Serum proteins,5.262876106194691e-4,***,5.3e-04,Family
Body Weight,Lactobacillaceae,-0.23,1094854.3865180511,0.00266,Spearman,90,178,"0, 10, 13 (aggregated)",Weight,0.008939344262295082,**,8.9e-03,Family
Glucose AUC,Lactobacillaceae,-0.3,180420.7586991665,0.00295,Spearman,58,95,"0, 10, 12 (aggregated)",Glucose tolerance testing,0.009806756756756756,**,9.8e-03,Family
Serum ghrelin,Lactobacillaceae,0.41,5418.000000000001,0.0117,Spearman,38,38,13,Serum proteins,0.03142139737991267,*,3.1e-02,Family
Baseline glucose,Muribaculaceae,-0.33,183617.12479009005,0.00132,Spearman,58,95,"0, 10, 12 (aggregated)",Glucose tolerance testing,0.00492,**,4.9e-03,Family
Body Weight,Muribaculaceae,-0.5,1342882.3000965936,1.24e-12,Spearman,90,178,"0, 10, 13 (aggregated)",Weight,7.625999999999999e-10,****,7.6e-10,Family
Glucose AUC,Muribaculaceae,-0.53,212423.33672299047,2.84e-8,Spearman,58,95,"0, 10, 12 (aggregated)",Glucose tolerance testing,1.9406666666666665e-6,****,1.9e-06,Family
Glucose max. peak,Muribaculaceae,-0.54,212748.32446662185,2.4e-8,Spearman,58,95,"0, 10, 12 (aggregated)",Glucose tolerance testing,1.845e-6,****,1.8e-06,Family
Serum C-peptide,Muribaculaceae,-0.52,9972,0.00172,Spearman,34,34,13,Serum proteins,0.006079310344827586,**,6.1e-03,Family
Serum ghrelin,Muribaculaceae,0.52,4352.000000000001,8.74e-4,Spearman,38,38,13,Serum proteins,0.003559668874172185,**,3.6e-03,Family
Serum leptin,Muribaculaceae,-0.66,15195.999999999998,1e-5,Spearman,38,38,13,Serum proteins,8.785714285714287e-5,****,8.8e-05,Family
Body Weight,Peptostreptococcaceae,0.22,696360.2829452518,0.00338,Spearman,90,178,"0, 10, 13 (aggregated)",Weight,0.011056914893617022,*,1.1e-02,Family
Glucose AUC,Peptostreptococcaceae,0.33,93012.17834313744,0.00125,Spearman,58,95,"0, 10, 12 (aggregated)",Glucose tolerance testing,0.004774844720496895,**,4.8e-03,Family
Glucose max. peak,Peptostreptococcaceae,0.37,87045.40407874259,2.31e-4,Spearman,58,95,"0, 10, 12 (aggregated)",Glucose tolerance testing,0.0011098828125,**,1.1e-03,Family
Serum GLP-1,Peptostreptococcaceae,-0.45,13220.675103688205,0.00494,Spearman,38,38,13,Serum proteins,0.015266834170854272,*,1.5e-02,Family
Serum PYY,Peptostreptococcaceae,-0.42,12968.61300478565,0.00883,Spearman,38,38,13,Serum proteins,0.024351793721973092,*,2.4e-02,Family
Baseline glucose,Prevotellaceae,-0.27,176363.1311006871,0.0075,Spearman,58,95,"0, 10, 12 (aggregated)",Glucose tolerance testing,0.021553738317757008,*,2.2e-02,Family
Body Weight,Prevotellaceae,-0.38,1236474.038688447,1.52e-7,Spearman,90,178,"0, 10, 13 (aggregated)",Weight,3.7373076923076925e-6,****,3.7e-06,Family
Glucose AUC,Prevotellaceae,-0.37,189721.66285458163,2.35e-4,Spearman,58,95,"0, 10, 12 (aggregated)",Glucose tolerance testing,0.0011203488372093023,**,1.1e-03,Family
Glucose max. peak,Prevotellaceae,-0.43,197683.59356611583,1.67e-5,Spearman,58,95,"0, 10, 12 (aggregated)",Glucose tolerance testing,1.2374096385542167e-4,***,1.2e-04,Family
Serum GLP-1,Prevotellaceae,0.64,3254.7811955840502,1.29e-5,Spearman,38,38,13,Serum proteins,1.0022222222222222e-4,***,1.0e-04,Family
Serum ghrelin,Prevotellaceae,0.57,3919.6284428768236,1.81e-4,Spearman,38,38,13,Serum proteins,9.276250000000001e-4,***,9.3e-04,Family
Serum leptin,Prevotellaceae,-0.64,15027.49434941462,1.27e-5,Spearman,38,38,13,Serum proteins,1.0013461538461539e-4,***,1.0e-04,Family
% eosinophils in BALF,Streptococcaceae,-0.58,2806.8643693559716,0.00425,Spearman,43,43,13,% immune cells; HDM,0.013472938144329897,*,1.3e-02,Family
Baseline glucose,Streptococcaceae,0.29,98505.70400602971,0.00483,Spearman,58,95,"0, 10, 12 (aggregated)",Glucose tolerance testing,0.015078426395939086,*,1.5e-02,Family
Body Weight,Streptococcaceae,0.46,483023.4771169473,1.64e-10,Spearman,90,178,"0, 10, 13 (aggregated)",Weight,3.10575e-8,****,3.1e-08,Family
Glucose AUC,Streptococcaceae,0.36,88131.92836938436,3.2e-4,Spearman,58,95,"0, 10, 12 (aggregated)",Glucose tolerance testing,0.0014686567164179105,**,1.5e-03,Family
Glucose max. peak,Streptococcaceae,0.42,80378.7688379966,2.6e-5,Spearman,58,95,"0, 10, 12 (aggregated)",Glucose tolerance testing,1.7193548387096775e-4,***,1.7e-04,Family
Serum GLP-1,Streptococcaceae,-0.48,13489.616168489389,0.00252,Spearman,38,38,13,Serum proteins,0.008515384615384616,**,8.5e-03,Family
Serum ghrelin,Streptococcaceae,-0.62,14761.67862597391,3.95e-5,Spearman,38,38,13,Serum proteins,2.40519801980198e-4,***,2.4e-04,Family
Serum leptin,Streptococcaceae,0.61,3557.9783714357277,4.67e-5,Spearman,38,38,13,Serum proteins,2.7883980582524265e-4,***,2.8e-04,Family
Baseline glucose,Sutterellaceae,-0.44,199110.87189550232,9.84e-6,Spearman,58,95,"0, 10, 12 (aggregated)",Glucose tolerance testing,8.770434782608696e-5,****,8.8e-05,Family
Body Weight,Sutterellaceae,-0.39,1243372.0045496293,8.08e-8,Spearman,90,178,"0, 10, 13 (aggregated)",Weight,2.3761363636363634e-6,****,2.4e-06,Family
Glucose AUC,Sutterellaceae,-0.5,207191.1561199767,3.51e-7,Spearman,58,95,"0, 10, 12 (aggregated)",Glucose tolerance testing,6.348970588235295e-6,****,6.3e-06,Family
Glucose max. peak,Sutterellaceae,-0.52,210669.7079477728,6.82e-8,Spearman,58,95,"0, 10, 12 (aggregated)",Glucose tolerance testing,2.3761363636363634e-6,****,2.4e-06,Family
Serum GLP-1,Sutterellaceae,0.5,4561.225747041463,0.00136,Spearman,38,38,13,Serum proteins,0.005008383233532934,**,5.0e-03,Family
Serum PYY,Sutterellaceae,0.4,5520.063558396534,0.0139,Spearman,38,38,13,Serum proteins,0.035918067226890754,*,3.6e-02,Family
Serum ghrelin,Sutterellaceae,0.63,3360.9251221685536,2.06e-5,Spearman,38,38,13,Serum proteins,1.4234831460674155e-4,***,1.4e-04,Family
Serum leptin,Sutterellaceae,-0.61,14686.633188582056,5.33e-5,Spearman,38,38,13,Serum proteins,3.0924056603773585e-4,***,3.1e-04,Family
Body Weight,[Eubacterium] coprostanoligenes group,-0.37,1221379.6758359775,5.68e-7,Spearman,90,178,"0, 10, 13 (aggregated)",Weight,8.956923076923077e-6,****,9.0e-06,Family
Glucose AUC,[Eubacterium] coprostanoligenes group,-0.32,183125.47662191442,0.0015,Spearman,58,95,"0, 10, 12 (aggregated)",Glucose tolerance testing,0.005458579881656805,**,5.5e-03,Family
Serum C-peptide,[Eubacterium] coprostanoligenes group,-0.42,9272.931765954563,0.0142,Spearman,34,34,13,Serum proteins,0.036539748953974896,*,3.7e-02,Family
Serum GLP-1,[Eubacterium] coprostanoligenes group,0.55,4079.387383089728,3.11e-4,Spearman,38,38,13,Serum proteins,0.0014380827067669176,**,1.4e-03,Family
Serum ghrelin,[Eubacterium] coprostanoligenes group,0.63,3374.4050395933155,2.18e-5,Spearman,38,38,13,Serum proteins,1.4732967032967035e-4,***,1.5e-04,Family
Serum leptin,[Eubacterium] coprostanoligenes group,-0.63,14913.61840604881,2.09e-5,Spearman,38,38,13,Serum proteins,1.4281666666666665e-4,***,1.4e-04,Family
Body Weight,Acetatifactor,0.28,639632.5383589079,1.41e-4,Spearman,90,178,"0, 10, 13 (aggregated)",Weight,7.286974789915968e-4,***,7.3e-04,Genus
Glucose max. peak,Acetatifactor,0.28,99705.67658431725,0.00634,Spearman,58,95,"0, 10, 12 (aggregated)",Glucose tolerance testing,0.01874425837320574,*,1.9e-02,Genus
Serum GLP-1,Acetatifactor,-0.49,13660.687700782677,0.00159,Spearman,38,38,13,Serum proteins,0.005752058823529412,**,5.8e-03,Genus
Serum ghrelin,Acetatifactor,-0.65,15073.99353632288,1.03e-5,Spearman,38,38,13,Serum proteins,8.921830985915493e-5,****,8.9e-05,Genus
Serum leptin,Acetatifactor,0.56,3982.494075215813,2.25e-4,Spearman,38,38,13,Serum proteins,0.001107,**,1.1e-03,Genus
Baseline glucose,Bifidobacterium,-0.34,184839.3205131403,9.51e-4,Spearman,58,95,"0, 10, 12 (aggregated)",Glucose tolerance testing,0.0038477960526315793,**,3.8e-03,Genus
Body Weight,Bifidobacterium,-0.39,1240662.2028457911,1.04e-7,Spearman,90,178,"0, 10, 13 (aggregated)",Weight,2.7808695652173914e-6,****,2.8e-06,Genus
Glucose AUC,Bifidobacterium,-0.44,199763.3360844472,7.69e-6,Spearman,58,95,"0, 10, 12 (aggregated)",Glucose tolerance testing,7.275923076923076e-5,****,7.3e-05,Genus
Glucose max. peak,Bifidobacterium,-0.48,205329.73847641205,7.99e-7,Spearman,58,95,"0, 10, 12 (aggregated)",Glucose tolerance testing,1.1427558139534884e-5,****,1.1e-05,Genus
Serum GLP-1,Bifidobacterium,0.52,4362.69288899838,7.62e-4,Spearman,38,38,13,Serum proteins,0.003209794520547945,**,3.2e-03,Genus
Serum ghrelin,Bifidobacterium,0.44,5101.984002946593,0.0055,Spearman,38,38,13,Serum proteins,0.0165,*,1.7e-02,Genus
Serum leptin,Bifidobacterium,-0.53,14003.091320526228,5.83e-4,Spearman,38,38,13,Serum proteins,0.002542872340425532,**,2.5e-03,Genus
Body Weight,Butyricicoccus,-0.21,1077603.4084397044,0.00612,Spearman,90,178,"0, 10, 13 (aggregated)",Weight,0.01818260869565217,*,1.8e-02,Genus
Glucose max. peak,Butyricicoccus,-0.3,179520.82646776896,0.00365,Spearman,58,95,"0, 10, 12 (aggregated)",Glucose tolerance testing,0.011814473684210527,*,1.2e-02,Genus
Serum leptin,Butyricicoccus,-0.38,12577.041855250276,0.0199,Spearman,38,38,13,Serum proteins,0.04975,*,5.0e-02,Genus
Body Weight,Candidatus Arthromitus,-0.3,1160194.0929044785,5.86e-5,Spearman,90,178,"0, 10, 13 (aggregated)",Weight,3.3369444444444446e-4,***,3.3e-04,Genus
Glucose AUC,Candidatus Arthromitus,-0.3,180206.4272104629,0.0031,Spearman,58,95,"0, 10, 12 (aggregated)",Glucose tolerance testing,0.0101951871657754,*,1.0e-02,Genus
Glucose max. peak,Candidatus Arthromitus,-0.33,183685.1226295367,0.00129,Spearman,58,95,"0, 10, 12 (aggregated)",Glucose tolerance testing,0.0048375,**,4.8e-03,Genus
Serum GLP-1,Candidatus Arthromitus,0.49,4629.994786778803,0.00165,Spearman,38,38,13,Serum proteins,0.005865606936416185,**,5.9e-03,Genus
Serum ghrelin,Candidatus Arthromitus,0.44,5091.059693545553,0.00535,Spearman,38,38,13,Serum proteins,0.016208128078817736,*,1.6e-02,Genus
Serum leptin,Candidatus Arthromitus,-0.41,12914.492861546822,0.00994,Spearman,38,38,13,Serum proteins,0.027049115044247788,*,2.7e-02,Genus
Baseline glucose,Coriobacteriaceae UCG-002,-0.39,192325.9930912997,1.04e-4,Spearman,58,95,"0, 10, 12 (aggregated)",Glucose tolerance testing,5.610526315789473e-4,***,5.6e-04,Genus
Body Weight,Coriobacteriaceae UCG-002,-0.32,1180252.2890336055,1.45e-5,Spearman,90,178,"0, 10, 13 (aggregated)",Weight,1.0875e-4,***,1.1e-04,Genus
Glucose AUC,Coriobacteriaceae UCG-002,-0.48,204315.89795991394,1.23e-6,Spearman,58,95,"0, 10, 12 (aggregated)",Glucose tolerance testing,1.671195652173913e-5,****,1.7e-05,Genus
Glucose max. peak,Coriobacteriaceae UCG-002,-0.38,191640.9850435965,1.3e-4,Spearman,58,95,"0, 10, 12 (aggregated)",Glucose tolerance testing,6.833333333333333e-4,***,6.8e-04,Genus
Serum GLP-1,Coriobacteriaceae UCG-002,0.5,4540.896813140593,0.00128,Spearman,38,38,13,Serum proteins,0.004829447852760737,**,4.8e-03,Genus
Serum ghrelin,Coriobacteriaceae UCG-002,0.47,4858.790366800009,0.00302,Spearman,38,38,13,Serum proteins,0.009985483870967742,**,1.0e-02,Genus
Serum leptin,Coriobacteriaceae UCG-002,-0.55,14209.815029638668,3e-4,Spearman,38,38,13,Serum proteins,0.0013977272727272727,**,1.4e-03,Genus
Body Weight,HT002,-0.26,1122226.2920476287,6.14e-4,Spearman,90,178,"0, 10, 13 (aggregated)",Weight,0.002659225352112676,**,2.7e-03,Genus
Glucose AUC,HT002,-0.34,185751.34004826235,7.42e-4,Spearman,58,95,"0, 10, 12 (aggregated)",Glucose tolerance testing,0.0031471034482758622,**,3.1e-03,Genus
Glucose max. peak,HT002,-0.29,177898.41338158608,0.00532,Spearman,58,95,"0, 10, 12 (aggregated)",Glucose tolerance testing,0.016197029702970298,*,1.6e-02,Genus
Baseline glucose,Lachnospiraceae UCG-001,-0.41,195658.4394339332,3.43e-5,Spearman,58,95,"0, 10, 12 (aggregated)",Glucose tolerance testing,2.19734375e-4,***,2.2e-04,Genus
Body Weight,Lachnospiraceae UCG-001,-0.36,1215586.9934279101,9.25e-7,Spearman,90,178,"0, 10, 13 (aggregated)",Weight,1.2928977272727273e-5,****,1.3e-05,Genus
Glucose AUC,Lachnospiraceae UCG-001,-0.4,193592.13128219228,6.91e-5,Spearman,58,95,"0, 10, 12 (aggregated)",Glucose tolerance testing,3.7943303571428573e-4,***,3.8e-04,Genus
Glucose max. peak,Lachnospiraceae UCG-001,-0.44,199146.74691194063,9.71e-6,Spearman,58,95,"0, 10, 12 (aggregated)",Glucose tolerance testing,8.770434782608696e-5,****,8.8e-05,Genus
Serum GLP-1,Lachnospiraceae UCG-001,0.42,5271.066726057911,0.00811,Spearman,38,38,13,Serum proteins,0.02297123287671233,*,2.3e-02,Genus
Serum ghrelin,Lachnospiraceae UCG-001,0.62,3505.8742247699324,3.78e-5,Spearman,38,38,13,Serum proteins,2.348181818181818e-4,***,2.3e-04,Genus
Serum leptin,Lachnospiraceae UCG-001,-0.65,15069.214493521495,1.05e-5,Spearman,38,38,13,Serum proteins,8.968749999999999e-5,****,9.0e-05,Genus
Baseline glucose,Lactococcus,0.31,95703.0165322334,0.00248,Spearman,58,95,"0, 10, 12 (aggregated)",Glucose tolerance testing,0.008473333333333333,**,8.5e-03,Genus
Body Weight,Lactococcus,0.47,475228.2399665136,6.59e-11,Spearman,90,178,"0, 10, 13 (aggregated)",Weight,2.026425e-8,****,2.0e-08,Genus
Glucose AUC,Lactococcus,0.46,75149.20897388995,3.64e-6,Spearman,58,95,"0, 10, 12 (aggregated)",Glucose tolerance testing,3.794237288135593e-5,****,3.8e-05,Genus
Glucose max. peak,Lactococcus,0.52,65935.44987188136,6.11e-8,Spearman,58,95,"0, 10, 12 (aggregated)",Glucose tolerance testing,2.3761363636363634e-6,****,2.4e-06,Genus
Serum C-peptide,Lactococcus,0.41,3882.502909545898,0.017,Spearman,34,34,13,Serum proteins,0.0430246913580247,*,4.3e-02,Genus
Serum GLP-1,Lactococcus,-0.54,14063.358952215129,4.83e-4,Spearman,38,38,13,Serum proteins,0.002184154411764706,**,2.2e-03,Genus
Serum ghrelin,Lactococcus,-0.68,15341.746906816668,2.82e-6,Spearman,38,38,13,Serum proteins,3.0856034482758626e-5,****,3.1e-05,Genus
Serum leptin,Lactococcus,0.68,2897.7731881953255,2.31e-6,Spearman,38,38,13,Serum proteins,2.7268867924528302e-5,****,2.7e-05,Genus
Baseline glucose,Muribaculum,-0.39,192202.94154335858,1.09e-4,Spearman,58,95,"0, 10, 12 (aggregated)",Glucose tolerance testing,5.829130434782609e-4,***,5.8e-04,Genus
Body Weight,Muribaculum,-0.44,1288421.485527497,8.74e-10,Spearman,90,178,"0, 10, 13 (aggregated)",Weight,1.0750199999999999e-7,****,1.1e-07,Genus
Glucose AUC,Muribaculum,-0.5,208106.37792214422,2.31e-7,Spearman,58,95,"0, 10, 12 (aggregated)",Glucose tolerance testing,4.5740625e-6,****,4.6e-06,Genus
Glucose max. peak,Muribaculum,-0.52,210782.62892156615,6.45e-8,Spearman,58,95,"0, 10, 12 (aggregated)",Glucose tolerance testing,2.3761363636363634e-6,****,2.4e-06,Genus
Serum C-peptide,Muribaculum,-0.54,10079.918208265988,9.77e-4,Spearman,34,34,13,Serum proteins,0.003927156862745098,**,3.9e-03,Genus
Serum GLP-1,Muribaculum,0.45,5032.229670006045,0.00465,Spearman,38,38,13,Serum proteins,0.014665384615384613,*,1.5e-02,Genus
Serum ghrelin,Muribaculum,0.49,4662.396814954636,0.0018,Spearman,38,38,13,Serum proteins,0.006325714285714285,**,6.3e-03,Genus
Serum leptin,Muribaculum,-0.69,15442.414925107,1.67e-6,Spearman,38,38,13,Serum proteins,2.0541000000000002e-5,****,2.1e-05,Genus
Baseline glucose,Parasutterella,-0.43,198532.34245373588,1.22e-5,Spearman,58,95,"0, 10, 12 (aggregated)",Glucose tolerance testing,9.824025974025974e-5,****,9.8e-05,Genus
Body Weight,Parasutterella,-0.4,1246764.1222194275,5.89e-8,Spearman,90,178,"0, 10, 13 (aggregated)",Weight,2.3761363636363634e-6,****,2.4e-06,Genus
Glucose AUC,Parasutterella,-0.49,206636.28032597006,4.5e-7,Spearman,58,95,"0, 10, 12 (aggregated)",Glucose tolerance testing,7.2828947368421055e-6,****,7.3e-06,Genus
Glucose max. peak,Parasutterella,-0.52,210582.9413971953,7.12e-8,Spearman,58,95,"0, 10, 12 (aggregated)",Glucose tolerance testing,2.3761363636363634e-6,****,2.4e-06,Genus
Serum GLP-1,Parasutterella,0.5,4593.28719945877,0.00149,Spearman,38,38,13,Serum proteins,0.005454464285714286,**,5.5e-03,Genus
Serum PYY,Parasutterella,0.38,5636.28632340927,0.0175,Spearman,38,38,13,Serum proteins,0.044108606557377056,*,4.4e-02,Genus
Serum ghrelin,Parasutterella,0.63,3340.8867144077362,1.89e-5,Spearman,38,38,13,Serum proteins,1.3572413793103448e-4,***,1.4e-04,Genus
Serum leptin,Parasutterella,-0.61,14676.613984701647,5.54e-5,Spearman,38,38,13,Serum proteins,3.1842056074766356e-4,***,3.2e-04,Genus
Baseline glucose,Prevotellaceae NK3B31 group,-0.31,181088.87667608724,0.0025,Spearman,58,95,"0, 10, 12 (aggregated)",Glucose tolerance testing,0.008494475138121547,**,8.5e-03,Genus
Body Weight,Prevotellaceae NK3B31 group,-0.42,1270331.8201431662,5.89e-9,Spearman,90,178,"0, 10, 13 (aggregated)",Weight,6.03725e-7,****,6.0e-07,Genus
Glucose AUC,Prevotellaceae NK3B31 group,-0.37,189277.41806300197,2.69e-4,Spearman,58,95,"0, 10, 12 (aggregated)",Glucose tolerance testing,0.0012628625954198473,**,1.3e-03,Genus
Glucose max. peak,Prevotellaceae NK3B31 group,-0.33,184651.50453961352,0.001,Spearman,58,95,"0, 10, 12 (aggregated)",Glucose tolerance testing,0.0039935064935064934,**,4.0e-03,Genus
Serum C-peptide,Prevotellaceae NK3B31 group,-0.41,9256.664037929366,0.0148,Spearman,34,34,13,Serum proteins,0.037925,*,3.8e-02,Genus
Serum GLP-1,Prevotellaceae NK3B31 group,0.62,3514.661578564807,3.92e-5,Spearman,38,38,13,Serum proteins,2.40519801980198e-4,***,2.4e-04,Genus
Serum ghrelin,Prevotellaceae NK3B31 group,0.64,3328.5899862418896,1.79e-5,Spearman,38,38,13,Serum proteins,1.3105357142857143e-4,***,1.3e-04,Genus
Serum leptin,Prevotellaceae NK3B31 group,-0.66,15197.144866327579,5.77e-6,Spearman,38,38,13,Serum proteins,5.632619047619048e-5,****,5.6e-05,Genus
Baseline glucose,Prevotellaceae UCG-001,-0.26,174082.32023996545,0.0122,Spearman,58,95,"0, 10, 12 (aggregated)",Glucose tolerance testing,0.03206410256410257,*,3.2e-02,Genus
Body Weight,Prevotellaceae UCG-001,-0.36,1218753.6456870025,7.1e-7,Spearman,90,178,"0, 10, 13 (aggregated)",Weight,1.0396428571428571e-5,****,1.0e-05,Genus
Glucose AUC,Prevotellaceae UCG-001,-0.36,188289.60859941563,3.61e-4,Spearman,58,95,"0, 10, 12 (aggregated)",Glucose tolerance testing,0.0016445555555555554,**,1.6e-03,Genus
Glucose max. peak,Prevotellaceae UCG-001,-0.46,202249.77222545198,2.9e-6,Spearman,58,95,"0, 10, 12 (aggregated)",Glucose tolerance testing,3.0856034482758626e-5,****,3.1e-05,Genus
Serum GLP-1,Prevotellaceae UCG-001,0.62,3477.109535514752,3.36e-5,Spearman,38,38,13,Serum proteins,2.175157894736842e-4,***,2.2e-04,Genus
Serum PYY,Prevotellaceae UCG-001,0.38,5670.4641198311065,0.0188,Spearman,38,38,13,Serum proteins,0.047191836734693876,*,4.7e-02,Genus
Serum ghrelin,Prevotellaceae UCG-001,0.54,4246.707635274876,5.34e-4,Spearman,38,38,13,Serum proteins,0.002379782608695652,**,2.4e-03,Genus
Serum leptin,Prevotellaceae UCG-001,-0.63,14935.57013194327,1.9e-5,Spearman,38,38,13,Serum proteins,1.3572413793103448e-4,***,1.4e-04,Genus
Baseline glucose,Rikenella,0.3,97295.7897388785,0.00364,Spearman,58,95,"0, 10, 12 (aggregated)",Glucose tolerance testing,0.011814473684210527,*,1.2e-02,Genus
Body Weight,Rikenella,0.34,589649.072185199,4.2e-6,Spearman,90,178,"0, 10, 13 (aggregated)",Weight,4.1661290322580646e-5,****,4.2e-05,Genus
Glucose AUC,Rikenella,0.41,81644.97463175852,4.04e-5,Spearman,58,95,"0, 10, 12 (aggregated)",Glucose tolerance testing,2.4358823529411764e-4,***,2.4e-04,Genus
Glucose max. peak,Rikenella,0.42,80207.48143583104,2.44e-5,Spearman,58,95,"0, 10, 12 (aggregated)",Glucose tolerance testing,1.631086956521739e-4,***,1.6e-04,Genus
Serum ghrelin,Rikenella,-0.57,14340,2.48e-4,Spearman,38,38,13,Serum proteins,0.0011732307692307693,**,1.2e-03,Genus
Serum leptin,Rikenella,0.73,2442.0000000000005,7.05e-7,Spearman,38,38,13,Serum proteins,1.0396428571428571e-5,****,1.0e-05,Genus
% eosinophils in BALF,Rikenellaceae RC9 gut group,-0.52,2685.032805760088,0.0139,Spearman,43,43,13,% immune cells; HDM,0.035918067226890754,*,3.6e-02,Genus
Baseline glucose,Rikenellaceae RC9 gut group,0.3,96240.66144329477,0.00283,Spearman,58,95,"0, 10, 12 (aggregated)",Glucose tolerance testing,0.009458967391304349,**,9.5e-03,Genus
Body Weight,Rikenellaceae RC9 gut group,0.41,525901.0713066086,1.58e-8,Spearman,90,178,"0, 10, 13 (aggregated)",Weight,1.3881428571428572e-6,****,1.4e-06,Genus
Glucose AUC,Rikenellaceae RC9 gut group,0.41,82330.75365580879,5.1e-5,Spearman,58,95,"0, 10, 12 (aggregated)",Glucose tolerance testing,3.0158653846153844e-4,***,3.0e-04,Genus
Glucose max. peak,Rikenellaceae RC9 gut group,0.46,74064.61458879225,2.35e-6,Spearman,58,95,"0, 10, 12 (aggregated)",Glucose tolerance testing,2.7268867924528302e-5,****,2.7e-05,Genus
Serum GLP-1,Rikenellaceae RC9 gut group,-0.42,12998.779292849342,0.00826,Spearman,38,38,13,Serum proteins,0.023090454545454546,*,2.3e-02,Genus
Serum ghrelin,Rikenellaceae RC9 gut group,-0.43,13027.913493654296,0.00773,Spearman,38,38,13,Serum proteins,0.022009027777777777,*,2.2e-02,Genus
Serum leptin,Rikenellaceae RC9 gut group,0.66,3130.322240881857,7.3e-6,Spearman,38,38,13,Serum proteins,7.014843750000001e-5,****,7.0e-05,Genus
Body Weight,Romboutsia,0.22,698501.9242063285,0.00376,Spearman,90,178,"0, 10, 13 (aggregated)",Weight,0.012106806282722513,*,1.2e-02,Genus
Glucose AUC,Romboutsia,0.33,93028.25495373663,0.00125,Spearman,58,95,"0, 10, 12 (aggregated)",Glucose tolerance testing,0.004774844720496895,**,4.8e-03,Genus
Glucose max. peak,Romboutsia,0.37,87037.98340760918,2.3e-4,Spearman,58,95,"0, 10, 12 (aggregated)",Glucose tolerance testing,0.0011098828125,**,1.1e-03,Genus
Serum GLP-1,Romboutsia,-0.45,13220.675103688205,0.00494,Spearman,38,38,13,Serum proteins,0.015266834170854272,*,1.5e-02,Genus
Serum PYY,Romboutsia,-0.42,12968.61300478565,0.00883,Spearman,38,38,13,Serum proteins,0.024351793721973092,*,2.4e-02,Genus
Baseline glucose,Tuzzerella,0.38,86381.92705004358,1.89e-4,Spearman,58,95,"0, 10, 12 (aggregated)",Glucose tolerance testing,9.606198347107439e-4,***,9.6e-04,Genus
Body Weight,Tuzzerella,0.46,484866.18272077845,2.02e-10,Spearman,90,178,"0, 10, 13 (aggregated)",Weight,3.10575e-8,****,3.1e-08,Genus
Glucose AUC,Tuzzerella,0.5,68785.84138655008,2.38e-7,Spearman,58,95,"0, 10, 12 (aggregated)",Glucose tolerance testing,4.5740625e-6,****,4.6e-06,Genus
Glucose max. peak,Tuzzerella,0.52,65812.58389486778,5.75e-8,Spearman,58,95,"0, 10, 12 (aggregated)",Glucose tolerance testing,2.3761363636363634e-6,****,2.4e-06,Genus
Serum ghrelin,Tuzzerella,-0.58,14447.203072955766,1.32e-4,Spearman,38,38,13,Serum proteins,6.879661016949153e-4,***,6.9e-04,Genus
Serum leptin,Tuzzerella,0.68,2936.9793378589934,2.83e-6,Spearman,38,38,13,Serum proteins,3.0856034482758626e-5,****,3.1e-05,Genus
Baseline glucose,Tyzzerella,-0.29,179013.86229260123,0.00412,Spearman,58,95,"0, 10, 12 (aggregated)",Glucose tolerance testing,0.013128497409326426,*,1.3e-02,Genus
Body Weight,Tyzzerella,-0.38,1233685.3478700935,1.95e-7,Spearman,90,178,"0, 10, 13 (aggregated)",Weight,4.2830357142857145e-06,****,4.3e-06,Genus
Glucose AUC,Tyzzerella,-0.28,177776.45782951545,0.00547,Spearman,58,95,"0, 10, 12 (aggregated)",Glucose tolerance testing,0.01649044117647059,*,1.6e-02,Genus
Glucose max. peak,Tyzzerella,-0.34,185593.38133265814,7.75e-4,Spearman,58,95,"0, 10, 12 (aggregated)",Glucose tolerance testing,0.00324234693877551,**,3.2e-03,Genus
Serum ghrelin,Tyzzerella,0.41,5378.902065216648,0.0103,Spearman,38,38,13,Serum proteins,0.027905286343612334,*,2.8e-02,Genus
