Sample order on sub form,lab technician,Sample Name,Species,Sample Type,Phenotype,volume  for PCR   (ul),EMP Primer Plate #,Primer Plate Position,BarcodeSequence (golay barcode),LinkerPrimerSequence (same),Primer ID (name),PCR notes,Cleanup Elution volume (ul),Qubit Date,Qubit Instrument,Qubit Kit,Qubit vol (ul),QuBit ng/ul,PCR yield (ng),pooling (ul),actual amt in pool (ng)
1,klt,JI-668,Mouse,Mouse,GLP_KO,1.00,EMP9,A5,TGTCCGTGGATC,CAAGCAGAAGACGGCATACGAGAT,806rcbc772,"Triplicate pcr, pooled together for beads cleanup step. Only zymo not pooled triplicate",15,4/10/2023,GloMax,DNA HS,2,4.49,67.33801076,10.0,44.89200717
2,klt,JI-650,Mouse,Mouse,WT,1.00,EMP9,B5,ACACCGCACAAT,CAAGCAGAAGACGGCATACGAGAT,806rcbc784,"Triplicate pcr, pooled together for beads cleanup step. Only zymo not pooled triplicate",15,4/10/2023,GloMax,DNA HS,2,6.13,91.99554194,10.0,61.3303613
3,klt,JI-688,Mouse,Mouse,GLP_KO,1.00,EMP9,C5,TCCAGGGCTATA,CAAGCAGAAGACGGCATACGAGAT,806rcbc796,"Triplicate pcr, pooled together for beads cleanup step. Only zymo not pooled triplicate",15,4/10/2023,GloMax,DNA HS,2,0.64,9.65778797,10.0,6.438525313
4,klt,JI-676,Mouse,Mouse,GLP_KO,1.00,EMP9,D5,GACCGTCAATAC,CAAGCAGAAGACGGCATACGAGAT,806rcbc808,"Triplicate pcr, pooled together for beads cleanup step. Only zymo not pooled triplicate",15,4/10/2023,GloMax,DNA HS,2,3.17,47.51233068,10.0,31.67488712
5,klt,JI-678,Mouse,Mouse,WT,1.00,EMP9,E5,ATTCAGATGGCA,CAAGCAGAAGACGGCATACGAGAT,806rcbc820,"Triplicate pcr, pooled together for beads cleanup step. Only zymo not pooled triplicate",15,4/10/2023,GloMax,DNA HS,2,3.57,53.57744214,10.0,35.71829476
6,klt,JI-670,Mouse,Mouse,WT,1.00,EMP9,F5,AAGTGAAGCGAG,CAAGCAGAAGACGGCATACGAGAT,806rcbc832,"Triplicate pcr, pooled together for beads cleanup step. Only zymo not pooled triplicate",15,4/10/2023,GloMax,DNA HS,2,2.24,33.62958262,10.0,22.41972175
7,klt,Saline-blank-3,Mouse,Mouse,neg,1.00,EMP9,G5,CTTAGCTACTCT,CAAGCAGAAGACGGCATACGAGAT,806rcbc844,"Triplicate pcr, pooled together for beads cleanup step. Only zymo not pooled triplicate",15,4/10/2023,GloMax,DNA HS,2,0.21,3.221553539,10.0,2.147702359
8,klt,Kit-blank-2,Mouse,Mouse,neg,1.00,EMP9,H5,GTCTGTTGAGTG,CAAGCAGAAGACGGCATACGAGAT,806rcbc856,"Triplicate pcr, pooled together for beads cleanup step. Only zymo not pooled triplicate",15,4/10/2023,GloMax,DNA HS,2,0.52,7.779837027,10.0,5.186558018
9,klt,Elution-blank-5,Mouse,Mouse,neg,1.00,EMP9,A6,ACTCGGCCAACT,CAAGCAGAAGACGGCATACGAGAT,806rcbc773,"Triplicate pcr, pooled together for beads cleanup step. Only zymo not pooled triplicate",15,4/10/2023,GloMax,DNA HS,2,0.66,9.873586183,10.0,6.582390788
10,klt,PCR-neg1,,negative,,1.00,EMP9,B6,GTCTCCTCCCTT,CAAGCAGAAGACGGCATACGAGAT,806rcbc785,"Triplicate pcr, pooled together for beads cleanup step. Only zymo not pooled triplicate",15,4/10/2023,GloMax,DNA HS,2,0.23,3.406907223,10.0,2.271271482
11,klt,zymo ,,bacteria,,1.00,EMP9,C6,GCGTAGAGAGAC,CAAGCAGAAGACGGCATACGAGAT,806rcbc797,,15,4/10/2023,GloMax,DNA HS,2,47.16,707.3895852,2.1,100
